"Data Source","World Development Indicators",

"Last Updated Date","2025-10-07",

"Country Name","Country Code","Indicator Name","Indicator Code","1960","1961","1962","1963","1964","1965","1966","1967","1968","1969","1970","1971","1972","1973","1974","1975","1976","1977","1978","1979","1980","1981","1982","1983","1984","1985","1986","1987","1988","1989","1990","1991","1992","1993","1994","1995","1996","1997","1998","1999","2000","2001","2002","2003","2004","2005","2006","2007","2008","2009","2010","2011","2012","2013","2014","2015","2016","2017","2018","2019","2020","2021","2022","2023","2024",
"Aruba","ABW","Electricity production from nuclear sources (% of total)","EG.ELC.NUCL.ZS","","","","","","","","","","","","","","","","","","","","","","","","","","","","","","","","","","","","","","","","","0","0","0","0","0","0","0","0","0","0","0","0","0","0","0","0","0","0","0","0","0","0","","","",
"Africa Eastern and Southern","AFE","Electricity production from nuclear sources (% of total)","EG.ELC.NUCL.ZS","","","","","","","","","","","","","","","","","","","","","","","","","","","","","","","4.17176884183915","4.43685344409293","4.55895273669692","3.43379937713577","4.44818554213551","5.02193011691619","4.9246559014316","5.09302512886598","5.45931105348929","5.14096916299559","4.95070339943987","4.01299222612386","4.27295330668003","4.30599708111682","4.32201072162639","3.59778239230706","3.08247236912167","3.33879335353249","3.88272718768642","3.8628356121228","3.48550420314529","3.80751492113267","3.36588230308681","3.92468805741296","3.77174670782211","3.32080552641525","4.0266835180308","3.72570358519629","2.9468262757353","3.36992845412008","2.59163251545951","3.13994707251336","2.53905187663984","","",
"Afghanistan","AFG","Electricity production from nuclear sources (% of total)","EG.ELC.NUCL.ZS","","","","","","","","","","","","","","","","","","","","","","","","","","","","","","","","","","","","","","","","","0","0","0","0","0","0","0","0","0","0","0","0","0","0","0","0","0","0","0","0","0","0","","","",
"Africa Western and Central","AFW","Electricity production from nuclear sources (% of total)","EG.ELC.NUCL.ZS","","","","","","","","","","","","","","","","","","","","","","","","","","","","","","","0","0","0","0","0","0","0","0","0","0","0","0","0","0","0","0","0","0","0","0","0","0","0","0","0","0","0","0","0","0","0","0","","","",
"Angola","AGO","Electricity production from nuclear sources (% of total)","EG.ELC.NUCL.ZS","","","","","","","","","","","","","","","","","","","","","","","","","","","","","","","0","0","0","0","0","0","0","0","0","0","0","0","0","0","0","0","0","0","0","0","0","0","0","0","0","0","0","0","0","0","0","0","","","",
"Albania","ALB","Electricity production from nuclear sources (% of total)","EG.ELC.NUCL.ZS","","","","","","","","","","","","","","","","","","","","","","","","","","","","","","","0","0","0","0","0","0","0","0","0","0","0","0","0","0","0","0","0","0","0","0","0","0","0","0","0","0","0","0","0","0","0","0","","","",
"Andorra","AND","Electricity production from nuclear sources (% of total)","EG.ELC.NUCL.ZS","","","","","","","","","","","","","","","","","","","","","","","","","","","","","","","","","","","","","","","","","0","0","0","0","0","0","0","0","0","0","0","0","0","0","0","0","0","0","0","0","0","0","","","",
"Arab World","ARB","Electricity production from nuclear sources (% of total)","EG.ELC.NUCL.ZS","","","","","","","","","","","","","","","","","","","","","","","","","","","","","","","0","0","0","0","0","0","0","0","0","0","0","0","0","0","0","0","0","0","0","0","0","0","0","0","0","0","0","0","0","0","0.137846671969184","0.743690742199741","1.48208594457793","","",
"United Arab Emirates","ARE","Electricity production from nuclear sources (% of total)","EG.ELC.NUCL.ZS","","","","","","","","","","","","","","","","","","","","","","","","","","","","","","","0","0","0","0","0","0","0","0","0","0","0","0","0","0","0","0","0","0","0","0","0","0","0","0","0","0","0","0","0","0","1.30434782608696","6.75401873171779","13.2502991546469","","",
"Argentina","ARG","Electricity production from nuclear sources (% of total)","EG.ELC.NUCL.ZS","","","","","","","","","","","","","","","","","","","","","","","","","","","","","","","14.2725526326107","14.3992276845388","12.6182796656985","12.5242404654169","12.5468507176159","10.5178547505991","10.6905348850542","10.9844774060021","10.046776215575","8.79901930434998","6.94091736521563","7.82993544379617","6.88020802553041","8.21712498370911","7.84710657266227","6.49812326863259","6.77955643313","6.35607028050553","6.01179394227694","6.67113479582829","5.69059238979487","4.91946319089463","4.70020138470358","4.45051517563295","3.97904399030135","4.83956355235928","5.62763211520174","4.19722062014226","4.70095367847411","6.07502418401347","7.44490726897214","7.10084280482311","5.48456864293316","6.45096165493479","",
"Armenia","ARM","Electricity production from nuclear sources (% of total)","EG.ELC.NUCL.ZS","","","","","","","","","","","","","","","","","","","","","","","","","","","","","","","0","0","0","0","0","5.46664269016364","37.399420663019","26.6545032343672","25.6662897754805","36.3477348259577","33.6522322927157","34.5865970409051","41.348070302591","36.3206689692783","36.5008291873963","42.9950926072503","44.4369634741626","43.2858596134283","42.6516464471404","43.9781343678364","38.3608072716068","34.2934051144011","28.7580886012942","30.609597924773","31.8105562008001","35.7481728426721","32.5358851674641","33.7282678686413","26.6461301501733","28.610496158354","35.1620311303904","25.3585480390913","30.968443960827","","",
"American Samoa","ASM","Electricity production from nuclear sources (% of total)","EG.ELC.NUCL.ZS","","","","","","","","","","","","","","","","","","","","","","","","","","","","","","","","","","","","","","","","","0","0","0","0","0","0","0","0","0","0","0","0","0","0","0","0","0","0","0","0","0","0","","","",
"Antigua and Barbuda","ATG","Electricity production from nuclear sources (% of total)","EG.ELC.NUCL.ZS","","","","","","","","","","","","","","","","","","","","","","","","","","","","","","","","","","","","","","","","","0","0","0","0","0","0","0","0","0","0","0","0","0","0","0","0","0","0","0","0","0","0","","","",
"Australia","AUS","Electricity production from nuclear sources (% of total)","EG.ELC.NUCL.ZS","","","","","","","","","","","","","","","","","","","","","","","","","","","","","","","0","0","0","0","0","0","0","0","0","0","0","0","0","0","0","0","0","0","0","0","0","0","0","0","0","0","0","0","0","0","0","0","","","",
"Austria","AUT","Electricity production from nuclear sources (% of total)","EG.ELC.NUCL.ZS","","","","","","","","","","","","","","","","","","","","","","","","","","","","","","","0","0","0","0","0","0","0","0","0","0","0","0","0","0","0","0","0","0","0","0","0","0","0","0","0","0","0","0","0","0","0","0","","","",
"Azerbaijan","AZE","Electricity production from nuclear sources (% of total)","EG.ELC.NUCL.ZS","","","","","","","","","","","","","","","","","","","","","","","","","","","","","","","0","0","0","0","0","0","0","0","0","0","0","0","0","0","0","0","0","0","0","0","0","0","0","0","0","0","0","0","0","0","0","0","","","",
"Burundi","BDI","Electricity production from nuclear sources (% of total)","EG.ELC.NUCL.ZS","","","","","","","","","","","","","","","","","","","","","","","","","","","","","","","","","","","","","","","","","0","0","0","0","0","0","0","0","0","0","0","0","0","0","0","0","0","0","0","0","0","0","","","",
"Belgium","BEL","Electricity production from nuclear sources (% of total)","EG.ELC.NUCL.ZS","","","","","","","","","","","","","","","","","","","","","","","","","","","","","","","60.2371586086319","59.5821285587189","60.1675320179993","59.1905017364543","56.2822981753696","55.5800451564348","56.9468718380005","60.1372521659711","55.4981186059652","57.9986747757768","57.3215731086035","58.0661730622267","57.707538778345","55.9836937256292","56.1833511459447","55.5523133666371","55.1444075330725","54.7399605003292","53.9911610327137","51.7881622670893","50.6759399211492","53.2166775158048","48.5189644792294","51.0749404141665","46.4580605141636","37.4478157951366","50.8410625423452","48.7491197081472","38.1095163848132","46.4770834223228","38.4939577208143","50.0850907136673","45.7325398397032","39.3538825610441","",
"Benin","BEN","Electricity production from nuclear sources (% of total)","EG.ELC.NUCL.ZS","","","","","","","","","","","","","","","","","","","","","","","","","","","","","","","0","0","0","0","0","0","0","0","0","0","0","0","0","0","0","0","0","0","0","0","0","0","0","0","0","0","0","0","0","0","0","0","","","",
"Burkina Faso","BFA","Electricity production from nuclear sources (% of total)","EG.ELC.NUCL.ZS","","","","","","","","","","","","","","","","","","","","","","","","","","","","","","","","","","","","","","","","","0","0","0","0","0","0","0","0","0","0","0","0","0","0","0","0","0","0","0","0","0","0","","","",
"Bangladesh","BGD","Electricity production from nuclear sources (% of total)","EG.ELC.NUCL.ZS","","","","","","","","","","","","","","","","","","","","","","","","","","","","","","","0","0","0","0","0","0","0","0","0","0","0","0","0","0","0","0","0","0","0","0","0","0","0","0","0","0","0","0","0","0","0","0","","","",
"Bulgaria","BGR","Electricity production from nuclear sources (% of total)","EG.ELC.NUCL.ZS","","","","","","","","","","","","","","","","","","","","","","","","","","","","","","","34.7998386369569","32.2646958053938","32.4403257511935","36.7739558386188","40.2145123646186","41.3051281437699","42.3307425788932","41.4713921921361","40.514492579895","41.3459527295545","44.4189228814388","44.4709788937409","47.3816162515523","40.5633802816901","40.4002787054612","42.0444043728164","42.5212137076544","33.8198951428505","35.0045518129538","35.508798063495","32.6860009002637","32.1160698466445","33.3763268067831","32.342804975465","33.4112444725205","31.2491112600808","34.8417588727666","34.0809436113303","34.4279095586822","37.3904598428042","40.7935417382343","34.6577531113353","32.5986653201053","40.1515339709353","",
"Bahrain","BHR","Electricity production from nuclear sources (% of total)","EG.ELC.NUCL.ZS","","","","","","","","","","","","","","","","","","","","","","","","","","","","","","","0","0","0","0","0","0","0","0","0","0","0","0","0","0","0","0","0","0","0","0","0","0","0","0","0","0","0","0","0","0","0","0","","","",
"Bahamas, The","BHS","Electricity production from nuclear sources (% of total)","EG.ELC.NUCL.ZS","","","","","","","","","","","","","","","","","","","","","","","","","","","","","","","","","","","","","","","","","0","0","0","0","0","0","0","0","0","0","0","0","0","0","0","0","0","0","0","0","0","0","","","",
"Bosnia and Herzegovina","BIH","Electricity production from nuclear sources (% of total)","EG.ELC.NUCL.ZS","","","","","","","","","","","","","","","","","","","","","","","","","","","","","","","0","0","0","0","0","0","0","0","0","0","0","0","0","0","0","0","0","0","0","0","0","0","0","0","0","0","0","0","0","0","0","0","","","",
"Belarus","BLR","Electricity production from nuclear sources (% of total)","EG.ELC.NUCL.ZS","","","","","","","","","","","","","","","","","","","","","","","","","","","","","","","0","0","0","0","0","0","0","0","0","0","0","0","0","0","0","0","0","0","0","0","0","0","0","0","0","0","0","0","0","0","0.876828888658296","14.0158587744611","17.3299492385787","","",
"Belize","BLZ","Electricity production from nuclear sources (% of total)","EG.ELC.NUCL.ZS","","","","","","","","","","","","","","","","","","","","","","","","","","","","","","","","","","","","","","","","","0","0","0","0","0","0","0","0","0","0","0","0","0","0","0","0","0","0","0","0","0","0","","","",
"Bermuda","BMU","Electricity production from nuclear sources (% of total)","EG.ELC.NUCL.ZS","","","","","","","","","","","","","","","","","","","","","","","","","","","","","","","","","","","","","","","","","","","","","","","","","","","","","","","","","","","","","","","","","",
"Bolivia","BOL","Electricity production from nuclear sources (% of total)","EG.ELC.NUCL.ZS","","","","","","","","","","","","","","","","","","","","","","","","","","","","","","","0","0","0","0","0","0","0","0","0","0","0","0","0","0","0","0","0","0","0","0","0","0","0","0","0","0","0","0","0","0","0","0","","","",
"Brazil","BRA","Electricity production from nuclear sources (% of total)","EG.ELC.NUCL.ZS","","","","","","","","","","","","","","","","","","","","","","","","","","","","","","","1.00394487054631","0.615248083216357","0.727665348402363","0.175413531447439","0.0211505108809765","0.914002489105627","0.833224617032526","1.0289562377022","1.01476932257543","1.18817146476416","1.73282508383251","4.34662169566647","4.00264991856418","3.66636566494391","2.99675057361796","2.44520920123166","3.27993952358127","2.77436442343765","3.01662610378196","2.77975032234119","2.81610120357641","2.94476612437636","2.9033256637841","2.7065472165483","2.57909354371277","2.51218667998861","2.71463479742911","2.64266069371732","2.58117960550261","2.54773850295088","2.23486077447182","2.24109103822688","2.14933913616024","2.04961588250923","",
"Barbados","BRB","Electricity production from nuclear sources (% of total)","EG.ELC.NUCL.ZS","","","","","","","","","","","","","","","","","","","","","","","","","","","","","","","","","","","","","","","","","0","0","0","0","0","0","0","0","0","0","0","0","0","0","0","0","0","0","0","0","0","0","","","",
"Brunei Darussalam","BRN","Electricity production from nuclear sources (% of total)","EG.ELC.NUCL.ZS","","","","","","","","","","","","","","","","","","","","","","","","","","","","","","","0","0","0","0","0","0","0","0","0","0","0","0","0","0","0","0","0","0","0","0","0","0","0","0","0","0","0","0","0","0","0","0","","","",
"Bhutan","BTN","Electricity production from nuclear sources (% of total)","EG.ELC.NUCL.ZS","","","","","","","","","","","","","","","","","","","","","","","","","","","","","","","","","","","","","","","","","0","0","0","0","0","0","0","0","0","0","0","0","0","0","0","0","0","0","0","0","0","0","","","",
"Botswana","BWA","Electricity production from nuclear sources (% of total)","EG.ELC.NUCL.ZS","","","","","","","","","","","","","","","","","","","","","","","","","","","","","","","0","0","0","0","0","0","0","0","0","0","0","0","0","0","0","0","0","0","0","0","0","0","0","0","0","0","0","0","0","0","0","0","","","",
"Central African Republic","CAF","Electricity production from nuclear sources (% of total)","EG.ELC.NUCL.ZS","","","","","","","","","","","","","","","","","","","","","","","","","","","","","","","","","","","","","","","","","0","0","0","0","0","0","0","0","0","0","0","0","0","0","0","0","0","0","0","0","0","0","","","",
"Canada","CAN","Electricity production from nuclear sources (% of total)","EG.ELC.NUCL.ZS","","","","","","","","","","","","","","","","","","","","","","","","","","","","","","","15.113360038774","16.6755676329451","15.4610375407238","17.6240703634494","19.3768306050206","17.4416200221042","16.1568820058381","14.3671127374774","12.7153723875263","12.6763697330564","12.00556749349","12.9867600916414","12.5473478555575","12.6884624311929","15.0504529106168","14.8152202081922","16.0476495477978","14.8772351978815","15.1553175403624","14.7946280774587","15.0226106380193","14.7676581832068","14.997636412216","15.7192810760456","16.2766175343837","15.4637969530811","15.2426479759674","15.2751284375033","15.2869402900134","15.5072175058997","15.061206522356","14.3102561290053","13.2465706415945","14.0674121092824","",
"Central Europe and the Baltics","CEB","Electricity production from nuclear sources (% of total)","EG.ELC.NUCL.ZS","","","","","","","","","","","","","","","","","","","","","","","","","","","","","","","17.2642043812496","17.3958934174531","17.1705570467406","17.3692802122124","17.1677138467663","17.4324979474698","17.9353316824007","18.5014864694387","18.7301212500443","18.383134066019","18.9951175627173","19.8480512447517","21.6294911780933","21.2871362689838","21.1427279480637","20.6363871066854","20.294559575177","19.6270438099372","21.2226671418688","21.9741079056319","19.205542979013","19.5133283606346","20.1318506006006","19.867357105289","20.3750934529531","19.3054130336925","18.6032651000804","19.2939915099456","19.4803306307036","20.5524305264042","21.4292411970102","19.6959555185059","19.9700162412027","20.495934295414","",
"Switzerland","CHE","Electricity production from nuclear sources (% of total)","EG.ELC.NUCL.ZS","","","","","","","","","","","","","","","","","","","","","","","","","","","","","","","42.0764054544807","39.4259507368855","39.2954701613849","37.8454157955301","36.7443894787645","39.4958116512248","43.7236965670759","40.272934761935","40.6970331973089","37.0636093613236","39.167654028436","37.0148965250645","40.56844080976","40.7879507345303","41.1039109552489","39.1312365879828","43.4278310281308","41.1115200588885","40.1804493827877","40.4417242437079","38.8394897883949","41.3320334865296","36.4280702759203","37.0164644220361","38.4107160280445","34.1139446233858","33.4758105369808","32.2946714426094","36.9134605645826","35.9488330951895","33.529658060014","29.3214410103427","36.7843925617947","33.0062130297657","",
"Channel Islands","CHI","Electricity production from nuclear sources (% of total)","EG.ELC.NUCL.ZS","","","","","","","","","","","","","","","","","","","","","","","","","","","","","","","","","","","","","","","","","","","","","","","","","","","","","","","","","","","","","","","","","",
"Chile","CHL","Electricity production from nuclear sources (% of total)","EG.ELC.NUCL.ZS","","","","","","","","","","","","","","","","","","","","","","","","","","","","","","","0","0","0","0","0","0","0","0","0","0","0","0","0","0","0","0","0","0","0","0","0","0","0","0","0","0","0","0","0","0","0","0","","","",
"China","CHN","Electricity production from nuclear sources (% of total)","EG.ELC.NUCL.ZS","","","","","","","","","","","","","","","","","","","","","","","","","","","","","","","0","0","0","0.191317022086143","1.58966652123093","1.27322370757823","1.32729763756202","1.26931528460552","1.20770877944325","1.20563549305725","1.23453056564026","1.17978404387997","1.51901504324843","2.26831802088703","2.29039955489035","2.12312424963987","1.91360363774157","1.893174151911","1.97260890318803","1.88782902891769","1.7557063426674","1.83109364533105","1.95020269140546","2.04897997098351","2.27834296953672","2.91735811767037","3.44020279239554","3.69438320316293","4.12103415964764","4.64194012322985","4.7164289812073","4.7391624959545","4.66754176208346","4.55321475479548","",
"Cote d'Ivoire","CIV","Electricity production from nuclear sources (% of total)","EG.ELC.NUCL.ZS","","","","","","","","","","","","","","","","","","","","","","","","","","","","","","","0","0","0","0","0","0","0","0","0","0","0","0","0","0","0","0","0","0","0","0","0","0","0","0","0","0","0","0","0","0","0","0","","","",
"Cameroon","CMR","Electricity production from nuclear sources (% of total)","EG.ELC.NUCL.ZS","","","","","","","","","","","","","","","","","","","","","","","","","","","","","","","0","0","0","0","0","0","0","0","0","0","0","0","0","0","0","0","0","0","0","0","0","0","0","0","0","0","0","0","0","0","0","0","","","",
"Congo, Dem. Rep.","COD","Electricity production from nuclear sources (% of total)","EG.ELC.NUCL.ZS","","","","","","","","","","","","","","","","","","","","","","","","","","","","","","","0","0","0","0","0","0","0","0","0","0","0","0","0","0","0","0","0","0","0","0","0","0","0","0","0","0","0","0","0","0","0","0","","","",
"Congo, Rep.","COG","Electricity production from nuclear sources (% of total)","EG.ELC.NUCL.ZS","","","","","","","","","","","","","","","","","","","","","","","","","","","","","","","0","0","0","0","0","0","0","0","0","0","0","0","0","0","0","0","0","0","0","0","0","0","0","0","0","0","0","0","0","0","0","0","","","",
"Colombia","COL","Electricity production from nuclear sources (% of total)","EG.ELC.NUCL.ZS","","","","","","","","","","","","","","","","","","","","","","","","","","","","","","","0","0","0","0","0","0","0","0","0","0","0","0","0","0","0","0","0","0","0","0","0","0","0","0","0","0","0","0","0","0","0","0","","","",
"Comoros","COM","Electricity production from nuclear sources (% of total)","EG.ELC.NUCL.ZS","","","","","","","","","","","","","","","","","","","","","","","","","","","","","","","","","","","","","","","","","0","0","0","0","0","0","0","0","0","0","0","0","0","0","0","0","0","0","0","0","0","0","","","",
"Cabo Verde","CPV","Electricity production from nuclear sources (% of total)","EG.ELC.NUCL.ZS","","","","","","","","","","","","","","","","","","","","","","","","","","","","","","","","","","","","","","","","","0","0","0","0","0","0","0","0","0","0","0","0","0","0","0","0","0","0","0","0","0","0","","","",
"Costa Rica","CRI","Electricity production from nuclear sources (% of total)","EG.ELC.NUCL.ZS","","","","","","","","","","","","","","","","","","","","","","","","","","","","","","","0","0","0","0","0","0","0","0","0","0","0","0","0","0","0","0","0","0","0","0","0","0","0","0","0","0","0","0","0","0","0","0","","","",
"Caribbean small states","CSS","Electricity production from nuclear sources (% of total)","EG.ELC.NUCL.ZS","","","","","","","","","","","","","","","","","","","","","","","","","","","","","","","0","0","0","0","0","0","0","0","0","0","0","0","0","0","0","0","0","0","0","0","0","0","0","0","0","0","0","0","0","0","0","0","","","",
"Cuba","CUB","Electricity production from nuclear sources (% of total)","EG.ELC.NUCL.ZS","","","","","","","","","","","","","","","","","","","","","","","","","","","","","","","0","0","0","0","0","0","0","0","0","0","0","0","0","0","0","0","0","0","0","0","0","0","0","0","0","0","0","0","0","0","0","0","","","",
"Curacao","CUW","Electricity production from nuclear sources (% of total)","EG.ELC.NUCL.ZS","","","","","","","","","","","","","","","","","","","","","","","","","","","","","","","0","0","0","0","0","0","0","0","0","0","0","0","0","0","0","0","0","0","0","0","0","0","0","0","0","0","0","0","0","0","0","0","","","",
"Cayman Islands","CYM","Electricity production from nuclear sources (% of total)","EG.ELC.NUCL.ZS","","","","","","","","","","","","","","","","","","","","","","","","","","","","","","","","","","","","","","","","","0","0","0","0","0","0","0","0","0","0","0","0","0","0","0","0","0","0","0","0","0","0","","","",
"Cyprus","CYP","Electricity production from nuclear sources (% of total)","EG.ELC.NUCL.ZS","","","","","","","","","","","","","","","","","","","","","","","","","","","","","","","0","0","0","0","0","0","0","0","0","0","0","0","0","0","0","0","0","0","0","0","0","0","0","0","0","0","0","0","0","0","0","0","","","",
"Czechia","CZE","Electricity production from nuclear sources (% of total)","EG.ELC.NUCL.ZS","","","","","","","","","","","","","","","","","","","","","","","","","","","","","","","20.1170095429914","20.0436161776368","20.6601116489299","21.444948285525","22.1054424665701","20.0995940637994","19.9978212490468","19.3411560729434","20.2389728467871","20.6464277985594","18.4983529796096","19.7583292027811","24.5428825902447","31.0860658199863","31.2155384013376","29.9450216764756","30.8744562060668","29.6741422707998","31.7417241502983","33.105797894993","32.5925753466119","32.3319272494484","34.6885080875792","35.3744549146848","35.2010493569206","31.9947074810471","28.9332485085645","32.5526098143724","33.9868464395652","34.7515367380939","36.8517246455032","36.1477386343586","36.5598114319387","39.4914549893512","",
"Germany","DEU","Electricity production from nuclear sources (% of total)","EG.ELC.NUCL.ZS","","","","","","","","","","","","","","","","","","","","","","","","","","","","","","","27.7206985264038","27.2831215231064","29.5465793439634","29.1246418229218","28.4796658855545","28.4934969215536","28.8123996168334","30.8814730742593","29.0521268240255","30.5597699083228","29.4177537495035","29.2126956409041","28.0967591282679","27.0920598237851","27.0301535912657","26.1677638441762","26.1311266430667","21.9121480871659","23.1581623184518","22.6217959357485","22.2005307050796","17.6100064750466","15.8296647854417","15.2324796735875","15.4711805876338","14.1577550211396","13.0116273527978","11.6752814265369","11.8671034306164","12.3692366501515","11.1878803465737","11.6616256100297","5.99517401360051","1.40970264573211","",
"Djibouti","DJI","Electricity production from nuclear sources (% of total)","EG.ELC.NUCL.ZS","","","","","","","","","","","","","","","","","","","","","","","","","","","","","","","","","","","","","","","","","0","0","0","0","0","0","0","0","0","0","0","0","0","0","0","0","0","0","0","0","0","0","","","",
"Dominica","DMA","Electricity production from nuclear sources (% of total)","EG.ELC.NUCL.ZS","","","","","","","","","","","","","","","","","","","","","","","","","","","","","","","","","","","","","","","","","0","0","0","0","0","0","0","0","0","0","0","0","0","0","0","0","0","0","0","0","0","0","","","",
"Denmark","DNK","Electricity production from nuclear sources (% of total)","EG.ELC.NUCL.ZS","","","","","","","","","","","","","","","","","","","","","","","","","","","","","","","0","0","0","0","0","0","0","0","0","0","0","0","0","0","0","0","0","0","0","0","0","0","0","0","0","0","0","0","0","0","0","0","","","",
"Dominican Republic","DOM","Electricity production from nuclear sources (% of total)","EG.ELC.NUCL.ZS","","","","","","","","","","","","","","","","","","","","","","","","","","","","","","","0","0","0","0","0","0","0","0","0","0","0","0","0","0","0","0","0","0","0","0","0","0","0","0","0","0","0","0","0","0","0","0","","","",
"Algeria","DZA","Electricity production from nuclear sources (% of total)","EG.ELC.NUCL.ZS","","","","","","","","","","","","","","","","","","","","","","","","","","","","","","","0","0","0","0","0","0","0","0","0","0","0","0","0","0","0","0","0","0","0","0","0","0","0","0","0","0","0","0","0","0","0","0","","","",
"East Asia & Pacific (excluding high income)","EAP","Electricity production from nuclear sources (% of total)","EG.ELC.NUCL.ZS","","","","","","","","","","","","","","","","","","","","","","","","","","","","","","","0","0","0","0.153162607316475","1.26984017706852","1.0098887729454","1.04581894888558","0.99621496353845","0.95027692821972","0.95059742208713","0.972526275089327","0.934908009081129","1.21634984868602","1.84423787021069","1.88845113106507","1.77332781880758","1.61974664401626","1.62116821835836","1.69322576970194","1.62149512420897","1.51528410033498","1.59541557344209","1.69639430149325","1.79165839820053","1.9944780655575","2.53912247330263","2.98388470862774","3.22176552108982","3.59075855008888","4.04731151533583","4.13551550978371","4.18399762054341","4.09364243195725","","",
"Early-demographic dividend","EAR","Electricity production from nuclear sources (% of total)","EG.ELC.NUCL.ZS","","","","","","","","","","","","","","","","","","","","","","","","","","","","","","","1.98911498211453","2.02357496248622","1.96931561358425","1.74055718583755","1.7997014261665","2.1202715390136","2.08212210130802","2.23094546267322","2.1754165903587","2.12181670303376","2.1153504960631","2.13544199570342","2.06550035094713","2.00753376854618","1.90641298938745","1.75611783983804","1.6867285482649","1.5838704625","1.45827983774387","1.60645160226505","1.56278988811929","1.83290852490132","1.7069042067772","1.88734209690936","1.79150467967423","1.72289058322819","1.8650195196009","1.82459471692554","1.75367840053975","1.92777998919757","1.82972937737521","2.01891980067936","1.99374014500723","1.63452427768701","",
"East Asia & Pacific","EAS","Electricity production from nuclear sources (% of total)","EG.ELC.NUCL.ZS","","","","","","","","","","","","","","","","","","","","","","","","","","","","","","","13.7463841192858","13.7509990051644","13.4118284977302","13.848764387647","14.0935399318334","14.2946175936298","14.2683034095998","14.2440608847157","14.8154633072208","14.1742378462512","13.5738185816198","12.9160401062583","11.9599687985916","10.4996159146872","10.6986379008645","10.7340719969086","9.93936555911983","8.4926230699924","8.3813840783379","8.34356336958545","7.71445061640532","5.00359857457687","3.79341821966438","3.53920844503444","3.71802397296764","4.24438702461649","4.49990403602752","4.50816864970202","4.94023483912238","5.41630197046857","5.35704630717585","5.4863790835507","5.37143209803304","13.8704264935664","",
"Europe & Central Asia (excluding high income)","ECA","Electricity production from nuclear sources (% of total)","EG.ELC.NUCL.ZS","","","","","","","","","","","","","","","","","","","","","","","","","","","","","","","10.664816842176","10.9194416668605","11.5467294182484","12.6313615944024","12.3669637099454","13.0067818833913","15.2294618617278","15.111255311968","14.3795914165661","13.770553307195","14.3013179144077","13.9651567944251","14.0678013627569","13.8387842364892","14.1273540840013","14.0614959862509","13.6326002131539","13.6023916292975","12.9681717662464","12.4907326303537","12.4609753179084","12.1853421584751","11.8202931859247","10.6923252149267","11.5168723879099","11.5100738192725","10.2943200838775","10.6264624639597","9.98799693963542","9.96781842689623","9.23214205837509","10.1982059256759","8.31387418749616","","",
"Europe & Central Asia","ECS","Electricity production from nuclear sources (% of total)","EG.ELC.NUCL.ZS","","","","","","","","","","","","","","","","","","","","","","","","","","","","","","","22.1560203707576","22.7232682178608","23.45594979516","24.7491802050192","24.512221376937","24.8065237532421","25.9725420754508","26.1572381425728","25.5254991195627","25.6816124590856","25.2176310372567","25.5883341702876","25.7595205111885","25.4666459145402","25.1395038218809","24.5822047089633","24.1686093162331","22.9233197928872","22.7414602169089","22.8874612808625","22.5330107611902","22.4798587489657","21.8519183188444","21.6590607102355","22.2504021087278","21.8817896999542","21.1376127809665","20.9286483769486","20.823167948601","21.0186186802853","19.8886722780054","20.087957180265","18.1023921289029","18.833578255497","",
"Ecuador","ECU","Electricity production from nuclear sources (% of total)","EG.ELC.NUCL.ZS","","","","","","","","","","","","","","","","","","","","","","","","","","","","","","","0","0","0","0","0","0","0","0","0","0","0","0","0","0","0","0","0","0","0","0","0","0","0","0","0","0","0","0","0","0","0","0","","","",
"Egypt, Arab Rep.","EGY","Electricity production from nuclear sources (% of total)","EG.ELC.NUCL.ZS","","","","","","","","","","","","","","","","","","","","","","","","","","","","","","","0","0","0","0","0","0","0","0","0","0","0","0","0","0","0","0","0","0","0","0","0","0","0","0","0","0","0","0","0","0","0","0","","","",
"Euro area","EMU","Electricity production from nuclear sources (% of total)","EG.ELC.NUCL.ZS","","","","","","","","","","","","","","","","","","","","","","","","","","","","","","","35.06314723798","35.0131847517834","35.8230845973196","37.1934719686413","35.6713740117081","35.9031827852281","36.3562864492373","36.5419003402257","35.1737201515574","35.2859647333634","35.257200009199","34.9877367801206","34.994472142621","34.106743033393","33.6959951021689","33.1901911933583","32.6958859962485","30.8292689006506","31.0546138271609","30.5358188290108","30.1491446451819","29.9307394581381","28.6884573100584","28.4365216258346","29.4687498087597","28.465817526866","27.141146629879","26.3057137143435","26.4223131127281","26.9337355344043","25.1656869894098","26.2364989112288","21.8603124738304","23.1387617762058","",
"Eritrea","ERI","Electricity production from nuclear sources (% of total)","EG.ELC.NUCL.ZS","","","","","","","","","","","","","","","","","","","","","","","","","","","","","","","","","0","0","0","0","0","0","0","0","0","0","0","0","0","0","0","0","0","0","0","0","0","0","0","0","0","0","0","0","0","0","","","",
"Spain","ESP","Electricity production from nuclear sources (% of total)","EG.ELC.NUCL.ZS","","","","","","","","","","","","","","","","","","","","","","","","","","","","","","","35.7207269472035","35.672428289934","35.1444664255743","35.7520949987883","34.1748376613347","33.1887007002214","32.2883886758493","29.0427621558597","30.2193467748545","28.2606712221545","27.7126360995777","26.9907980138623","25.7259615188344","23.7336309866286","22.7185381499711","19.5655648235362","20.0782077012212","18.0630632107232","18.7956960459972","17.9081528748897","20.5586896032528","19.6421947476067","20.6581574012461","19.8598891576895","20.5579212840225","20.3608972236758","21.3388603600817","21.0495201758267","20.3190357512425","21.353158382036","22.1355264207037","20.6203155530928","20.0339198643205","19.8940114733455","",
"Estonia","EST","Electricity production from nuclear sources (% of total)","EG.ELC.NUCL.ZS","","","","","","","","","","","","","","","","","","","","","","","","","","","","","","","0","0","0","0","0","0","0","0","0","0","0","0","0","0","0","0","0","0","0","0","0","0","0","0","0","0","0","0","0","0","0","0","","","",
"Ethiopia","ETH","Electricity production from nuclear sources (% of total)","EG.ELC.NUCL.ZS","","","","","","","","","","","","","","","","","","","","","","","","","","","","","","","0","0","0","0","0","0","0","0","0","0","0","0","0","0","0","0","0","0","0","0","0","0","0","0","0","0","0","0","0","0","0","0","","","",
"European Union","EUU","Electricity production from nuclear sources (% of total)","EG.ELC.NUCL.ZS","","","","","","","","","","","","","","","","","","","","","","","","","","","","","","","32.058239262169","32.351480809534","32.58873673899","33.5559337930076","32.9183584615523","32.8629186213674","33.3161662770346","33.4924553045467","32.5524174915461","32.7945357582768","32.3443068445748","32.5082048390082","32.7291060637935","31.9729068371185","31.9268532222656","31.3015118045127","30.7497630950115","29.1939417104507","29.5036532375588","28.9804707000777","28.6346889684381","28.4760225315192","27.6261122851261","27.600890106128","28.39772259037","27.0655839171582","26.2270615922268","25.6472876922375","25.8897675038124","26.3266975523104","24.5030790707079","25.0950112614196","21.5717925549091","22.5224073748622","",
"Fragile and conflict affected situations","FCS","Electricity production from nuclear sources (% of total)","EG.ELC.NUCL.ZS","","","","","","","","","","","","","","","","","","","","","","","","","","","","","","","17.1015442775973","17.5161567084145","17.8088476770018","19.0523818325918","18.3124890281465","18.8129059794859","21.4555141240196","21.3327138494923","19.8450671533925","18.6894922339992","19.2088504813985","18.2813338122976","17.9683941499387","18.5554413616393","18.8252781548311","18.5042523858604","17.9451642322138","17.9739241559911","17.0550319738425","16.0607399816864","15.9820626301023","15.8679981170379","15.7402684742838","14.0668465732194","15.2444987243734","14.8805384524546","13.6321649846618","14.730745939388","14.1444256503104","13.9562288730065","13.1778143034606","14.4170662636502","11.3803756910129","","",
"Finland","FIN","Electricity production from nuclear sources (% of total)","EG.ELC.NUCL.ZS","","","","","","","","","","","","","","","","","","","","","","","","","","","","","","","35.3384703091381","33.6477770496327","33.3650931139021","32.6265983398549","29.6003413021286","30.0085890528617","28.0743228633618","30.2041170348098","31.1442700984793","33.0765797543804","32.1238710414999","30.5735305963537","29.7445133746915","26.9560989493157","26.4616459898655","32.9701623643422","27.828263193702","28.8300818511908","29.6492406240314","32.6437164384132","28.2618935468676","31.5465095712983","32.6468875601824","33.1279733920878","34.6286016389109","33.8853336054461","33.746382186541","33.2879167098618","32.4395485532926","34.7705753823744","33.6249584939437","32.7195585258312","35.0982184911202","42.075055187638","",
"Fiji","FJI","Electricity production from nuclear sources (% of total)","EG.ELC.NUCL.ZS","","","","","","","","","","","","","","","","","","","","","","","","","","","","","","","","","","","","","","","","","0","0","0","0","0","0","0","0","0","0","0","0","0","0","0","0","0","0","0","0","0","0","","","",
"France","FRA","Electricity production from nuclear sources (% of total)","EG.ELC.NUCL.ZS","","","","","","","","","","","","","","","","","","","","","","","","","","","","","","","74.6477132555835","72.7334190897237","72.9976835375875","77.8894281011876","75.4887631142436","76.3202191497024","77.3942972008017","78.3491491174198","75.8866052777756","74.9791272429893","76.8884016045811","76.624752060852","78.123574623969","77.8123555583782","78.0835567447605","78.3821505014226","78.3119284567441","77.1770264388312","76.5845947933622","76.4539814339693","75.2732804367568","77.1239790448131","74.2302256190127","72.7179733626253","76.1779350859465","75.4310634709598","71.4223714930508","70.821769979786","70.9243989028334","69.8287056319936","66.3986939143163","68.2744793850706","62.2225928490601","64.3385458281018","",
"Faroe Islands","FRO","Electricity production from nuclear sources (% of total)","EG.ELC.NUCL.ZS","","","","","","","","","","","","","","","","","","","","","","","","","","","","","","","","","","","","","","","","","0","0","0","0","0","0","0","0","0","0","0","0","0","0","0","0","0","0","0","0","0","0","","","",
"Micronesia, Fed. Sts.","FSM","Electricity production from nuclear sources (% of total)","EG.ELC.NUCL.ZS","","","","","","","","","","","","","","","","","","","","","","","","","","","","","","","","","","","","","","","","","0","0","0","0","0","0","0","0","0","0","0","0","0","0","0","0","0","0","0","0","0","0","","","",
"Gabon","GAB","Electricity production from nuclear sources (% of total)","EG.ELC.NUCL.ZS","","","","","","","","","","","","","","","","","","","","","","","","","","","","","","","0","0","0","0","0","0","0","0","0","0","0","0","0","0","0","0","0","0","0","0","0","0","0","0","0","0","0","0","0","0","0","0","","","",
"United Kingdom","GBR","Electricity production from nuclear sources (% of total)","EG.ELC.NUCL.ZS","","","","","","","","","","","","","","","","","","","","","","","","","","","","","","","20.5634630962322","21.8483933410763","23.9242095295646","27.6547344182333","27.0399740265309","26.6326588652291","26.9818650265484","27.988456251818","27.4290535231305","25.8406853690867","22.5590011377228","23.4138709786402","22.685321475238","22.2718346149403","20.3080773848962","20.4887085923144","18.991799276081","15.882911783161","13.4969514468734","18.3376237361004","16.2331826850231","18.7469595301574","19.3392170920168","19.7114995379637","18.8760870917021","20.8096794710607","21.2681544036104","20.8446813996426","19.5682315116408","17.3730870679765","16.1776355193756","14.9376127943182","14.5604226823125","13.8367780989257","",
"Georgia","GEO","Electricity production from nuclear sources (% of total)","EG.ELC.NUCL.ZS","","","","","","","","","","","","","","","","","","","","","","","","","","","","","","","0","0","0","0","0","0","0","0","0","0","0","0","0","0","0","0","0","0","0","0","0","0","0","0","0","0","0","0","0","0","0","0","","","",
"Ghana","GHA","Electricity production from nuclear sources (% of total)","EG.ELC.NUCL.ZS","","","","","","","","","","","","","","","","","","","","","","","","","","","","","","","0","0","0","0","0","0","0","0","0","0","0","0","0","0","0","0","0","0","0","0","0","0","0","0","0","0","0","0","0","0","0","0","","","",
"Gibraltar","GIB","Electricity production from nuclear sources (% of total)","EG.ELC.NUCL.ZS","","","","","","","","","","","","","","","","","","","","","","","","","","","","","","","0","0","0","0","0","0","0","0","0","0","0","0","0","0","0","0","0","0","0","0","0","0","0","0","0","","","","","","","","","","",
"Guinea","GIN","Electricity production from nuclear sources (% of total)","EG.ELC.NUCL.ZS","","","","","","","","","","","","","","","","","","","","","","","","","","","","","","","","","","","","","","","","","0","0","0","0","0","0","0","0","0","0","0","0","0","0","0","0","0","0","0","0","0","0","","","",
"Gambia, The","GMB","Electricity production from nuclear sources (% of total)","EG.ELC.NUCL.ZS","","","","","","","","","","","","","","","","","","","","","","","","","","","","","","","","","","","","","","","","","0","0","0","0","0","0","0","0","0","0","0","0","0","0","0","0","0","0","0","0","0","0","","","",
"Guinea-Bissau","GNB","Electricity production from nuclear sources (% of total)","EG.ELC.NUCL.ZS","","","","","","","","","","","","","","","","","","","","","","","","","","","","","","","","","","","","","","","","","0","0","0","0","0","0","0","0","0","0","0","0","0","0","0","0","0","0","0","0","0","0","","","",
"Equatorial Guinea","GNQ","Electricity production from nuclear sources (% of total)","EG.ELC.NUCL.ZS","","","","","","","","","","","","","","","","","","","","","","","","","","","","","","","","","","","","","","","","","0","0","0","0","0","0","0","0","0","0","0","0","0","0","0","0","0","0","0","0","0","0","","","",
"Greece","GRC","Electricity production from nuclear sources (% of total)","EG.ELC.NUCL.ZS","","","","","","","","","","","","","","","","","","","","","","","","","","","","","","","0","0","0","0","0","0","0","0","0","0","0","0","0","0","0","0","0","0","0","0","0","0","0","0","0","0","0","0","0","0","0","0","","","",
"Grenada","GRD","Electricity production from nuclear sources (% of total)","EG.ELC.NUCL.ZS","","","","","","","","","","","","","","","","","","","","","","","","","","","","","","","","","","","","","","","","","0","0","0","0","0","0","0","0","0","0","0","0","0","0","0","0","0","0","0","0","0","0","","","",
"Greenland","GRL","Electricity production from nuclear sources (% of total)","EG.ELC.NUCL.ZS","","","","","","","","","","","","","","","","","","","","","","","","","","","","","","","","","","","","","","","","","0","0","0","0","0","0","0","0","0","0","0","0","0","0","0","0","0","0","0","0","0","0","","","",
"Guatemala","GTM","Electricity production from nuclear sources (% of total)","EG.ELC.NUCL.ZS","","","","","","","","","","","","","","","","","","","","","","","","","","","","","","","0","0","0","0","0","0","0","0","0","0","0","0","0","0","0","0","0","0","0","0","0","0","0","0","0","0","0","0","0","0","0","0","","","",
"Guam","GUM","Electricity production from nuclear sources (% of total)","EG.ELC.NUCL.ZS","","","","","","","","","","","","","","","","","","","","","","","","","","","","","","","","","","","","","","","","","0","0","0","0","0","0","0","0","0","0","0","0","0","0","0","0","0","0","0","0","0","0","","","",
"Guyana","GUY","Electricity production from nuclear sources (% of total)","EG.ELC.NUCL.ZS","","","","","","","","","","","","","","","","","","","","","","","","","","","","","","","","","","","","","","","","","0","0","0","0","0","0","0","0","0","0","0","0","0","0","0","0","0","0","0","0","0","0","","","",
"High income","HIC","Electricity production from nuclear sources (% of total)","EG.ELC.NUCL.ZS","","","","","","","","","","","","","","","","","","","","","","","","","","","","","","","21.110001342189","21.7530860388143","21.9065089636278","22.2713470258736","22.3970374594467","22.6494946197491","22.8080855833683","22.273448840713","22.3149746757415","22.6715821591487","22.1613237000977","22.6568289031833","22.1711935317812","21.4563277834126","21.7222512568756","21.4247784359839","21.3155199235549","20.3067035819938","20.2871721663955","20.6750230713503","20.122355167604","18.5356757883463","17.4323558195697","17.4173837514507","17.65844905322","17.5315408411021","17.3136517297908","17.146070852228","17.0927686196274","17.4253848484343","16.898663304232","16.831276447237","15.9097301757273","17.6502208354119","",
"Hong Kong SAR, China","HKG","Electricity production from nuclear sources (% of total)","EG.ELC.NUCL.ZS","","","","","","","","","","","","","","","","","","","","","","","","","","","","","","","0","0","0","0","0","0","0","0","0","0","0","0","0","0","0","0","0","0","0","0","0","0","0","0","0","0","0","0","0","0","0","0","","","",
"Honduras","HND","Electricity production from nuclear sources (% of total)","EG.ELC.NUCL.ZS","","","","","","","","","","","","","","","","","","","","","","","","","","","","","","","0","0","0","0","0","0","0","0","0","0","0","0","0","0","0","0","0","0","0","0","0","0","0","0","0","0","0","0","0","0","0","0","","","",
"Heavily indebted poor countries (HIPC)","HPC","Electricity production from nuclear sources (% of total)","EG.ELC.NUCL.ZS","","","","","","","","","","","","","","","","","","","","","","","","","","","","","","","0","0","0","0","0","0","0","0","0","0","0","0","0","0","0","0","0","0","0","0","0","0","0","0","0","0","0","0","0","0","0","0","","","",
"Croatia","HRV","Electricity production from nuclear sources (% of total)","EG.ELC.NUCL.ZS","","","","","","","","","","","","","","","","","","","","","","","","","","","","","","","0","0","0","0","0","0","0","0","0","0","0","0","0","0","0","0","0","0","0","0","0","0","0","0","0","0","0","0","0","0","0","0","","","",
"Haiti","HTI","Electricity production from nuclear sources (% of total)","EG.ELC.NUCL.ZS","","","","","","","","","","","","","","","","","","","","","","","","","","","","","","","0","0","0","0","0","0","0","0","0","0","0","0","0","0","0","0","0","0","0","0","0","0","0","0","0","0","0","0","0","0","0","0","","","",
"Hungary","HUN","Electricity production from nuclear sources (% of total)","EG.ELC.NUCL.ZS","","","","","","","","","","","","","","","","","","","","","","","","","","","","","","","48.2873821915881","45.8098321262891","44.0713271264005","41.9140209630867","41.9185439355512","41.2311129402081","40.4103733257338","39.4609712687516","37.5073944608766","37.2594628885599","40.2943934528715","38.7917067142661","38.5900378903117","32.2536242495241","35.3476919425656","38.6900100682403","37.5386932150924","36.7292292292292","37.0218613366646","42.9597861200847","42.1744133151374","43.5464615897165","45.5983831384438","50.7361193635703","53.2224602931674","52.1541501976285","50.3228637702965","48.9077927996354","49.0628995540587","47.4993438511563","45.9633552819926","44.2691029900332","44.1663640680428","44.7826698551132","",
"IBRD only","IBD","Electricity production from nuclear sources (% of total)","EG.ELC.NUCL.ZS","","","","","","","","","","","","","","","","","","","","","","","","","","","","","","","6.00967526319713","5.87345857985373","5.763525792839","5.68442933302667","5.31164690067426","5.39834487750509","5.75029789452929","5.72685309925416","5.43591078483382","5.53182390525378","5.63339411785839","5.73545360942469","5.71808921847787","5.72912878421982","5.38793938286876","5.15145786881041","4.94923436387208","4.67929363489474","4.6340629034614","4.48670397600899","4.2995068003496","4.27603426491328","4.21422344709848","4.06970157699304","4.16782638728907","4.51351487331125","4.66100125188145","4.74779225406013","4.83490045425889","5.12708633134839","5.18837242019084","5.20716681636315","4.93383231023277","1.5403440210489","",
"IDA & IBRD total","IBT","Electricity production from nuclear sources (% of total)","EG.ELC.NUCL.ZS","","","","","","","","","","","","","","","","","","","","","","","","","","","","","","","5.70029503360105","5.5742953357447","5.47364225481829","5.40147153459547","5.04562247249934","5.12676006632917","5.4619168171501","5.44280487140628","5.1635560542384","5.25351318875216","5.36214761278954","5.45874906074635","5.43097786017545","5.45421902936039","5.14345741491954","4.91790525956609","4.7292772224507","4.49176463177079","4.43804043298794","4.31012427043172","4.13764642106122","4.13565681867358","4.07354865750336","3.9383986899867","4.03643088408299","4.35408820209083","4.50420400018403","4.60799280430088","4.69026453565263","4.974256411684","5.01562003153749","5.08608459070189","4.87271076914527","1.52921599315723","",
"IDA total","IDA","Electricity production from nuclear sources (% of total)","EG.ELC.NUCL.ZS","","","","","","","","","","","","","","","","","","","","","","","","","","","","","","","0.134126188481627","0.172705373604339","0.25823512707653","0.219437674402176","0.219219219219219","0.19897915044554","0.139441347986765","0.147502487875295","0.108552317247969","0.145130490133673","0.649775222349535","0.709598435426821","0.51114254017573","0.502869700231943","0.741258074342536","0.627862521665238","0.550980851874192","0.726569148509128","0.378872664620583","0.656541409727348","0.723426743026404","1.07192684071827","0.912497044856375","0.971475846829674","1.06048334470161","0.810948755628632","1.13918101527738","1.5542641110034","1.49782778692899","1.58943377931684","1.32247606800838","2.49850684440892","3.51681637495982","","",
"IDA blend","IDB","Electricity production from nuclear sources (% of total)","EG.ELC.NUCL.ZS","","","","","","","","","","","","","","","","","","","","","","","","","","","","","","","0.233471716455373","0.302956382149967","0.442484604272789","0.379325609439636","0.382081784942538","0.348683593101407","0.248438285345013","0.260441987415443","0.19521986293366","0.270861053031743","1.28866919061702","1.40785073119748","0.995177108638738","0.984540311695393","1.46401181350155","1.26330263009538","1.12664105265304","1.53429304518476","0.817703802817955","1.43818393249381","1.62099897047606","2.44239338036707","2.06785883368583","2.15970129761134","2.33229056691739","1.76325858457088","2.49383382750366","3.58811843245855","3.54600246642024","3.79245963642954","3.14642112776338","5.89478566947905","7.99124653706711","","",
"Indonesia","IDN","Electricity production from nuclear sources (% of total)","EG.ELC.NUCL.ZS","","","","","","","","","","","","","","","","","","","","","","","","","","","","","","","0","0","0","0","0","0","0","0","0","0","0","0","0","0","0","0","0","0","0","0","0","0","0","0","0","0","0","0","0","0","0","0","","","",
"IDA only","IDX","Electricity production from nuclear sources (% of total)","EG.ELC.NUCL.ZS","","","","","","","","","","","","","","","","","","","","","","","","","","","","","","","0","0","0","0","0","0","0","0","0","0","0","0","0","0","0","0","0","0","0","0","0","0","0","0","0","0","0","0","0","0","0","0","","","",
"Isle of Man","IMN","Electricity production from nuclear sources (% of total)","EG.ELC.NUCL.ZS","","","","","","","","","","","","","","","","","","","","","","","","","","","","","","","","","","","","","","","","","","","","","","","","","","","","","","","","","","","","","","","","","",
"India","IND","Electricity production from nuclear sources (% of total)","EG.ELC.NUCL.ZS","","","","","","","","","","","","","","","","","","","","","","","","","","","","","","","2.12146336407918","1.75023996502688","2.02104579955408","1.51446711687321","1.46463153418079","1.90898937404186","2.0766798762829","2.16404968965428","2.39853215143626","2.46913350168193","3.01251203079884","3.35995997377592","3.21681036413497","2.77661955158687","2.51818582852473","2.44550755857205","2.45040733688605","2.07462635437364","1.76648797055656","2.04903568000475","2.70156019060882","3.04837634564945","2.94882929700398","2.89474129327988","2.80196048756068","2.75558220088632","2.64612262359471","2.53930875917822","2.35031445680834","2.82233306469588","2.80006741662236","2.87892176093803","2.51725290594758","2.41280467088623","",
"Not classified","INX","Electricity production from nuclear sources (% of total)","EG.ELC.NUCL.ZS","","","","","","","","","","","","","","","","","","","","","","","","","","","","","","","","","","","","","","","","","","","","","","","","","","","","","","","","","","","","","","","","","",
"Ireland","IRL","Electricity production from nuclear sources (% of total)","EG.ELC.NUCL.ZS","","","","","","","","","","","","","","","","","","","","","","","","","","","","","","","0","0","0","0","0","0","0","0","0","0","0","0","0","0","0","0","0","0","0","0","0","0","0","0","0","0","0","0","0","0","0","0","","","",
"Iran, Islamic Rep.","IRN","Electricity production from nuclear sources (% of total)","EG.ELC.NUCL.ZS","","","","","","","","","","","","","","","","","","","","","","","","","","","","","","","0","0","0","0","0","0","0","0","0","0","0","0","0","0","0","0","0","0","0","0","0","0.136220485561462","0.726376063804685","1.73224505971025","1.62849724517405","1.03836683497664","2.28991262357572","2.43669079681378","2.40600435341459","2.06813583085122","1.6137746147354","1.22446341922559","2.19871678058253","","",
"Iraq","IRQ","Electricity production from nuclear sources (% of total)","EG.ELC.NUCL.ZS","","","","","","","","","","","","","","","","","","","","","","","","","","","","","","","0","0","0","0","0","0","0","0","0","0","0","0","0","0","0","0","0","0","0","0","0","0","0","0","0","0","0","0","0","0","0","0","","","",
"Iceland","ISL","Electricity production from nuclear sources (% of total)","EG.ELC.NUCL.ZS","","","","","","","","","","","","","","","","","","","","","","","","","","","","","","","0","0","0","0","0","0","0","0","0","0","0","0","0","0","0","0","0","0","0","0","0","0","0","0","0","0","0","0","0","0","0","0","","","",
"Israel","ISR","Electricity production from nuclear sources (% of total)","EG.ELC.NUCL.ZS","","","","","","","","","","","","","","","","","","","","","","","","","","","","","","","0","0","0","0","0","0","0","0","0","0","0","0","0","0","0","0","0","0","0","0","0","0","0","0","0","0","0","0","0","0","0","0","","","",
"Italy","ITA","Electricity production from nuclear sources (% of total)","EG.ELC.NUCL.ZS","","","","","","","","","","","","","","","","","","","","","","","","","","","","","","","0","0","0","0","0","0","0","0","0","0","0","0","0","0","0","0","0","0","0","0","0","0","0","0","0","0","0","0","0","0","0","0","","","",
"Jamaica","JAM","Electricity production from nuclear sources (% of total)","EG.ELC.NUCL.ZS","","","","","","","","","","","","","","","","","","","","","","","","","","","","","","","0","0","0","0","0","0","0","0","0","0","0","0","0","0","0","0","0","0","0","0","0","0","0","0","0","0","0","0","0","0","0","0","","","",
"Jordan","JOR","Electricity production from nuclear sources (% of total)","EG.ELC.NUCL.ZS","","","","","","","","","","","","","","","","","","","","","","","","","","","","","","","0","0","0","0","0","0","0","0","0","0","0","0","0","0","0","0","0","0","0","0","0","0","0","0","0","0","0","0","0","0","0","0","","","",
"Japan","JPN","Electricity production from nuclear sources (% of total)","EG.ELC.NUCL.ZS","","","","","","","","","","","","","","","","","","","","","","","","","","","","","","","23.2315691424909","23.7602503152873","24.7095021222199","27.3410145932238","27.7802895642498","29.4068707877931","29.8884178919072","30.8451821707412","32.2265405306865","30.2048701376136","30.1597662505502","30.4562273500269","27.6289980235174","22.6667497735809","25.9487478191685","27.4841365179341","27.2698840095697","23.1055809236557","23.2914474016646","25.6538429089682","24.6167379811593","9.1617314205766","1.45045441019495","0.84247173345216","0","0.891446945823604","1.68681586068334","3.04556925243772","6.08601918723725","6.14106797079387","3.81083034621115","6.74514488653143","5.50959585488155","8.38330101890195","",
"Kazakhstan","KAZ","Electricity production from nuclear sources (% of total)","EG.ELC.NUCL.ZS","","","","","","","","","","","","","","","","","","","","","","","","","","","","","","","0","0","0","0","0","0","0","0","0","0","0","0","0","0","0","0","0","0","0","0","0","0","0","0","0","0","0","0","0","0","0","0","","","",
"Kenya","KEN","Electricity production from nuclear sources (% of total)","EG.ELC.NUCL.ZS","","","","","","","","","","","","","","","","","","","","","","","","","","","","","","","0","0","0","0","0","0","0","0","0","0","0","0","0","0","0","0","0","0","0","0","0","0","0","0","0","0","0","0","0","0","0","0","","","",
"Kyrgyz Republic","KGZ","Electricity production from nuclear sources (% of total)","EG.ELC.NUCL.ZS","","","","","","","","","","","","","","","","","","","","","","","","","","","","","","","0","0","0","0","0","0","0","0","0","0","0","0","0","0","0","0","0","0","0","0","0","0","0","0","0","0","0","0","0","0","0","0","","","",
"Cambodia","KHM","Electricity production from nuclear sources (% of total)","EG.ELC.NUCL.ZS","","","","","","","","","","","","","","","","","","","","","","","","","","","","","","","","","","","","0","0","0","0","0","0","0","0","0","0","0","0","0","0","0","0","0","0","0","0","0","0","0","0","0","0","0","","","",
"Kiribati","KIR","Electricity production from nuclear sources (% of total)","EG.ELC.NUCL.ZS","","","","","","","","","","","","","","","","","","","","","","","","","","","","","","","","","","","","","","","","","0","0","0","0","0","0","0","0","0","0","0","0","0","0","0","0","0","0","0","0","0","0","","","",
"St. Kitts and Nevis","KNA","Electricity production from nuclear sources (% of total)","EG.ELC.NUCL.ZS","","","","","","","","","","","","","","","","","","","","","","","","","","","","","","","","","","","","","","","","","0","0","0","0","0","0","0","0","0","0","0","0","0","0","0","0","0","0","0","0","0","0","","","",
"Korea, Rep.","KOR","Electricity production from nuclear sources (% of total)","EG.ELC.NUCL.ZS","","","","","","","","","","","","","","","","","","","","","","","","","","","","","","","48.4388595294139","46.9453939141309","42.035990481856","38.6411974264901","34.3996152470102","35.7917501001201","35.4888575241716","34.0137315118783","40.9772701313535","42.7318108695292","37.6888089514553","36.1579388623759","36.4074598259456","37.4733410781475","35.2858446305264","37.9049606305313","36.6607105448003","35.2110143270993","35.6685821219969","33.863072840519","31.2783638828314","29.4175357207366","28.0797148823778","25.775393918683","28.9872343264662","29.9557469028286","28.8306326027568","25.8535489276315","22.4768757807686","24.9215591496107","26.9562612645208","25.2224714079347","28.1740945046961","29.5559904042182","",
"Kuwait","KWT","Electricity production from nuclear sources (% of total)","EG.ELC.NUCL.ZS","","","","","","","","","","","","","","","","","","","","","","","","","","","","","","","0","0","0","0","0","0","0","0","0","0","0","0","0","0","0","0","0","0","0","0","0","0","0","0","0","0","0","0","0","0","0","0","","","",
"Latin America & Caribbean (excluding high income)","LAC","Electricity production from nuclear sources (% of total)","EG.ELC.NUCL.ZS","","","","","","","","","","","","","","","","","","","","","","","","","","","","","","","2.4632733946696","2.51251584343138","2.34454675587423","2.28165771830751","2.0531300031627","2.8055956288235","2.6339005718844","3.01858613374577","2.65520943507539","2.69104368080151","2.47132249286183","3.70542721342457","3.51322711369228","3.53582468520263","3.09665526780598","2.85210043839559","3.20021133616851","2.85361896751083","2.86137025863437","2.90024550550688","2.37787595852708","2.63506425088837","2.47410976114442","2.59186255556687","2.32277515805456","2.49204253829186","2.55012845071051","2.38183540649301","2.53836117495178","2.49846391861368","2.58934922594704","2.49351593772159","2.25170528058835","2.33230664077239","",
"Lao PDR","LAO","Electricity production from nuclear sources (% of total)","EG.ELC.NUCL.ZS","","","","","","","","","","","","","","","","","","","","","","","","","","","","","","","","","","","","","","","","","0","0","0","0","0","0","0","0","0","0","0","0","0","0","0","0","0","0","0","0","0","0","","","",
"Lebanon","LBN","Electricity production from nuclear sources (% of total)","EG.ELC.NUCL.ZS","","","","","","","","","","","","","","","","","","","","","","","","","","","","","","","0","0","0","0","0","0","0","0","0","0","0","0","0","0","0","0","0","0","0","0","0","0","0","0","0","0","0","0","0","0","0","0","","","",
"Liberia","LBR","Electricity production from nuclear sources (% of total)","EG.ELC.NUCL.ZS","","","","","","","","","","","","","","","","","","","","","","","","","","","","","","","","","","","","","","","","","0","0","0","0","0","0","0","0","0","0","0","0","0","0","0","0","0","0","0","0","0","0","","","",
"Libya","LBY","Electricity production from nuclear sources (% of total)","EG.ELC.NUCL.ZS","","","","","","","","","","","","","","","","","","","","","","","","","","","","","","","0","0","0","0","0","0","0","0","0","0","0","0","0","0","0","0","0","0","0","0","0","0","0","0","0","0","0","0","0","0","0","0","","","",
"St. Lucia","LCA","Electricity production from nuclear sources (% of total)","EG.ELC.NUCL.ZS","","","","","","","","","","","","","","","","","","","","","","","","","","","","","","","","","","","","","","","","","0","0","0","0","0","0","0","0","0","0","0","0","0","0","0","0","0","0","0","0","0","0","","","",
"Latin America & Caribbean","LCN","Electricity production from nuclear sources (% of total)","EG.ELC.NUCL.ZS","","","","","","","","","","","","","","","","","","","","","","","","","","","","","","","2.07148321857433","2.11183618185047","1.94632244364985","1.90381822692329","1.72180406697019","2.35947894621807","2.21602916116735","2.54160455713253","2.23409286304428","2.27491209463462","2.03086667006668","3.00453346363105","2.85033458618224","2.88960834552286","2.52776588709323","2.32298287098595","2.61377841509249","2.32535098528141","2.33798575435054","2.36819422583918","1.96675244683178","2.18422039459061","2.04988474645699","2.14793066939213","1.9572967020924","2.07049941873911","2.13823583828499","2.00958082930978","2.15348950878001","2.13201096717019","2.21118972375543","2.13847749081096","1.95690095140883","2.14606044788806","",
"Least developed countries: UN classification","LDC","Electricity production from nuclear sources (% of total)","EG.ELC.NUCL.ZS","","","","","","","","","","","","","","","","","","","","","","","","","","","","","","","0","0","0","0","0","0","0","0","0","0","0","0","0","0","0","0","0","0","0","0","0","0","0","0","0","0","0","0","0","0","0","0","","","",
"Low income","LIC","Electricity production from nuclear sources (% of total)","EG.ELC.NUCL.ZS","","","","","","","","","","","","","","","","","","","","","","","","","","","","","","","0","0","0","0","0","0","0","0","0","0","0","0","0","0","0","0","0","0","0","0","0","0","0","0","0","0","0","0","0","0","0","0","","","",
"Liechtenstein","LIE","Electricity production from nuclear sources (% of total)","EG.ELC.NUCL.ZS","","","","","","","","","","","","","","","","","","","","","","","","","","","","","","","","","","","","","","","","","","","","","","","","","","","","","","","","","","","","","","","","","",
"Sri Lanka","LKA","Electricity production from nuclear sources (% of total)","EG.ELC.NUCL.ZS","","","","","","","","","","","","","","","","","","","","","","","","","","","","","","","0","0","0","0","0","0","0","0","0","0","0","0","0","0","0","0","0","0","0","0","0","0","0","0","0","0","0","0","0","0","0","0","","","",
"Lower middle income","LMC","Electricity production from nuclear sources (% of total)","EG.ELC.NUCL.ZS","","","","","","","","","","","","","","","","","","","","","","","","","","","","","","","1.10128426108345","0.95528120181164","1.13971132927333","0.878307808521448","0.86199295458267","1.10758996796952","1.1804287248938","1.23861376640204","1.37427407569203","1.44263293194426","1.88353910010504","2.08080665660805","1.92254566664667","1.68003882420118","1.60319315020307","1.52273588899378","1.51781525398861","1.36906917783412","1.09607185403214","1.34197619189629","1.70816092958939","2.02290762552944","1.90984078499678","1.90190610057823","1.88325596291958","1.78132672559954","1.78826135874332","1.82765010866931","1.70806034827294","1.98992369915516","1.8738648761637","2.23194941885288","2.28125439839102","","",
"Low & middle income","LMY","Electricity production from nuclear sources (% of total)","EG.ELC.NUCL.ZS","","","","","","","","","","","","","","","","","","","","","","","","","","","","","","","3.74847822292649","3.60253590715765","3.47763644170384","3.32716534353337","3.42891452866625","3.5191725566316","3.72545264408073","3.68302864583675","3.47917477815865","3.31695108066316","3.37364181802357","3.44738976695736","3.43019066037548","3.56489523297697","3.45972600622154","3.23425953647474","3.07567860791111","2.92897620003812","2.84682504097237","2.72629723371528","2.62442969172354","2.71390351904304","2.67960225937283","2.66836203119832","2.75418716879336","3.02892152051018","3.25726907843931","3.39386190246082","3.54387797144136","3.86134528669373","3.84942626339682","4.01029246548262","3.81288439554496","1.80233622026185","",
"Lesotho","LSO","Electricity production from nuclear sources (% of total)","EG.ELC.NUCL.ZS","","","","","","","","","","","","","","","","","","","","","","","","","","","","","","","","","","","","","","","","","0","0","0","0","0","0","0","0","0","0","0","0","0","0","0","0","0","0","0","0","0","0","","","",
"Late-demographic dividend","LTE","Electricity production from nuclear sources (% of total)","EG.ELC.NUCL.ZS","","","","","","","","","","","","","","","","","","","","","","","","","","","","","","","4.98825721404379","4.93279408516801","4.86938495772402","4.78980757473721","4.45828329783231","4.33505034991944","4.65289102383768","4.65297246075482","4.47141088198203","4.93503503506568","5.07429275241482","5.29115227970053","5.32914643660195","5.48351813553514","5.02775984052542","4.77779399791009","4.59500559347866","4.35554507605868","4.42683804209092","4.2566474701672","4.02711178755825","3.9477104694283","3.95724980947399","3.82647682451137","3.96629069229663","4.49212867929179","4.74511364112311","4.89054350349875","5.09184759013705","5.42904555925676","5.55960090335423","5.56005399969323","5.5666851524923","2.84067862866295","",
"Lithuania","LTU","Electricity production from nuclear sources (% of total)","EG.ELC.NUCL.ZS","","","","","","","","","","","","","","","","","","","","","","","","","","","","","","","59.96479493047","57.8959915539965","78.2487838776928","86.821046668083","76.8985131224429","85.0564788833729","83.0424682828042","80.9043197416229","76.8759571209801","72.8575650118203","73.6892778993435","77.0984596593608","79.8036228203826","79.4540229885057","78.3542596243644","69.920183982684","69.3078032366608","70.2006139787249","71.1133472292101","70.6602422190389","0","0","0","0","0","0","0","0","0","0","0","0","","","",
"Luxembourg","LUX","Electricity production from nuclear sources (% of total)","EG.ELC.NUCL.ZS","","","","","","","","","","","","","","","","","","","","","","","","","","","","","","","0","0","0","0","0","0","0","0","0","0","0","0","0","0","0","0","0","0","0","0","0","0","0","0","0","0","0","0","0","0","0","0","","","",
"Latvia","LVA","Electricity production from nuclear sources (% of total)","EG.ELC.NUCL.ZS","","","","","","","","","","","","","","","","","","","","","","","","","","","","","","","0","0","0","0","0","0","0","0","0","0","0","0","0","0","0","0","0","0","0","0","0","0","0","0","0","0","0","0","0","0","0","0","","","",
"Macao SAR, China","MAC","Electricity production from nuclear sources (% of total)","EG.ELC.NUCL.ZS","","","","","","","","","","","","","","","","","","","","","","","","","","","","","","","","","","","","","","","","","","","","","","","","","","","","","","","","","","","","","","","","","",
"St. Martin (French part)","MAF","Electricity production from nuclear sources (% of total)","EG.ELC.NUCL.ZS","","","","","","","","","","","","","","","","","","","","","","","","","","","","","","","","","","","","","","","","","0","0","0","0","0","0","0","0","0","0","0","0","0","0","0","0","0","0","0","0","0","0","","","",
"Morocco","MAR","Electricity production from nuclear sources (% of total)","EG.ELC.NUCL.ZS","","","","","","","","","","","","","","","","","","","","","","","","","","","","","","","0","0","0","0","0","0","0","0","0","0","0","0","0","0","0","0","0","0","0","0","0","0","0","0","0","0","0","0","0","0","0","0","","","",
"Monaco","MCO","Electricity production from nuclear sources (% of total)","EG.ELC.NUCL.ZS","","","","","","","","","","","","","","","","","","","","","","","","","","","","","","","","","","","","","","","","","","","","","","","","","","","","","","","","","","","","","","","","","",
"Moldova","MDA","Electricity production from nuclear sources (% of total)","EG.ELC.NUCL.ZS","","","","","","","","","","","","","","","","","","","","","","","","","","","","","","","0","0","0","0","0","0","0","0","0","0","0","0","0","0","0","0","0","0","0","0","0","0","0","0","0","0","0","0","0","0","0","0","","","",
"Madagascar","MDG","Electricity production from nuclear sources (% of total)","EG.ELC.NUCL.ZS","","","","","","","","","","","","","","","","","","","","","","","","","","","","","","","","","","","","","","","","","0","0","0","0","0","0","0","0","0","0","0","0","0","0","0","0","0","0","0","0","0","0","","","",
"Maldives","MDV","Electricity production from nuclear sources (% of total)","EG.ELC.NUCL.ZS","","","","","","","","","","","","","","","","","","","","","","","","","","","","","","","","","","","","","","","","","0","0","0","0","0","0","0","0","0","0","0","0","0","0","0","0","0","0","0","0","0","0","","","",
"Middle East, North Africa, Afghanistan & Pakistan","MEA","Electricity production from nuclear sources (% of total)","EG.ELC.NUCL.ZS","","","","","","","","","","","","","","","","","","","","","","","","","","","","","","","0.0799288551350879","0.10257995241356","0.138418509075688","0.109136264421578","0.105669117114882","0.0953633283578553","0.0647373925798974","0.0660045094280841","0.0464937339870833","0.0619654701688287","0.29121870888149","0.31500930226182","0.224960569842189","0.214909122563784","0.321504539097707","0.264163407144744","0.228616834478384","0.29153739426132","0.145791696986249","0.250215062613034","0.270398926652251","0.433036969656228","0.464073183528914","0.672153281751777","0.675271466883875","0.47188556453106","0.827151732072368","1.00737958104315","0.987521744863031","0.965541021824409","0.905669871140782","1.74347603374277","2.79102482166068","","",
"Mexico","MEX","Electricity production from nuclear sources (% of total)","EG.ELC.NUCL.ZS","","","","","","","","","","","","","","","","","","","","","","","","","","","","","","","2.53545930920172","3.29942131790181","2.94963270712909","3.63447406632123","2.88110595319817","5.54555724869949","4.99584630701816","6.24264894652314","5.08217044058276","5.22270377525978","3.99708277622463","4.07779875507038","4.466572877954","4.44591202157338","3.86980549955174","4.30876347859376","4.21487891823538","3.92843544903137","3.64036032289447","3.9218981673408","2.13365174187133","3.33246352589109","2.85456681867154","3.96872109644329","3.20967180218577","3.72553878235349","3.30278612998606","3.36335204094247","3.84851255202803","3.2907602861991","3.37200673315354","3.55000163759197","3.13162041874239","3.24408986857062","",
"Marshall Islands","MHL","Electricity production from nuclear sources (% of total)","EG.ELC.NUCL.ZS","","","","","","","","","","","","","","","","","","","","","","","","","","","","","","","","","","","","","","","","","0","0","0","0","0","0","0","0","0","0","0","0","0","0","0","0","0","0","0","0","0","0","","","",
"Middle income","MIC","Electricity production from nuclear sources (% of total)","EG.ELC.NUCL.ZS","","","","","","","","","","","","","","","","","","","","","","","","","","","","","","","3.8184924116699","3.66637005482307","3.53717108648667","3.378774663384","3.48292731474138","3.57439259399651","3.78131869976002","3.73487750233915","3.53112703539314","3.36871425754289","3.43069198801912","3.5072415238097","3.48810813715178","3.62159361156328","3.51386172744792","3.28471012682886","3.12178253538806","2.970968909866","2.8876569174905","2.76574331313712","2.66065229658647","2.74635050829213","2.70807516384088","2.69425143189613","2.78001091863952","3.05587053831654","3.28634335214728","3.4229452730153","3.57372557760791","3.89340694017826","3.88108325307288","4.04178209935847","3.83972548098339","1.80233622026185","",
"North Macedonia","MKD","Electricity production from nuclear sources (% of total)","EG.ELC.NUCL.ZS","","","","","","","","","","","","","","","","","","","","","","","","","","","","","","","0","0","0","0","0","0","0","0","0","0","0","0","0","0","0","0","0","0","0","0","0","0","0","0","0","0","0","0","0","0","0","0","","","",
"Mali","MLI","Electricity production from nuclear sources (% of total)","EG.ELC.NUCL.ZS","","","","","","","","","","","","","","","","","","","","","","","","","","","","","","","","","","","","","","","","","0","0","0","0","0","0","0","0","0","0","0","0","0","0","0","0","0","0","0","0","0","0","","","",
"Malta","MLT","Electricity production from nuclear sources (% of total)","EG.ELC.NUCL.ZS","","","","","","","","","","","","","","","","","","","","","","","","","","","","","","","0","0","0","0","0","0","0","0","0","0","0","0","0","0","0","0","0","0","0","0","0","0","0","0","0","0","0","0","0","0","0","0","","","",
"Myanmar","MMR","Electricity production from nuclear sources (% of total)","EG.ELC.NUCL.ZS","","","","","","","","","","","","","","","","","","","","","","","","","","","","","","","0","0","0","0","0","0","0","0","0","0","0","0","0","0","0","0","0","0","0","0","0","0","0","0","0","0","0","0","0","0","0","0","","","",
"Middle East, North Africa, Afghanistan & Pakistan (excluding high income)","MNA","Electricity production from nuclear sources (% of total)","EG.ELC.NUCL.ZS","","","","","","","","","","","","","","","","","","","","","","","","","","","","","","","0.131682434102604","0.164832106725578","0.227407708417993","0.182875898281261","0.176371712876516","0.159011822183301","0.107618855072238","0.109694347669653","0.078164563929806","0.103745768264716","0.486362713432435","0.525535725865884","0.374649670260921","0.359023351225548","0.531951247229643","0.441602308108064","0.38108614180745","0.491915275723068","0.247556348789882","0.426674353685292","0.461411483090915","0.749760963413877","0.828433033285676","1.19085934627531","1.21634894186638","0.865080377633414","1.50498234355908","1.81267770088144","1.78486838166275","1.71862219728063","1.43314516107816","2.16733748180934","3.11713412841912","","",
"Montenegro","MNE","Electricity production from nuclear sources (% of total)","EG.ELC.NUCL.ZS","","","","","","","","","","","","","","","","","","","","","","","","","","","","","","","","","","","","","","","","","","","","","","0","0","0","0","0","0","0","0","0","0","0","0","0","0","0","0","0","","","",
"Mongolia","MNG","Electricity production from nuclear sources (% of total)","EG.ELC.NUCL.ZS","","","","","","","","","","","","","","","","","","","","","","","","","","","","","","","0","0","0","0","0","0","0","0","0","0","0","0","0","0","0","0","0","0","0","0","0","0","0","0","0","0","0","0","0","0","0","0","","","",
"Northern Mariana Islands","MNP","Electricity production from nuclear sources (% of total)","EG.ELC.NUCL.ZS","","","","","","","","","","","","","","","","","","","","","","","","","","","","","","","","","","","","","","","","","","","","","","","","","","","","","","","","","","","","","","","","","",
"Mozambique","MOZ","Electricity production from nuclear sources (% of total)","EG.ELC.NUCL.ZS","","","","","","","","","","","","","","","","","","","","","","","","","","","","","","","0","0","0","0","0","0","0","0","0","0","0","0","0","0","0","0","0","0","0","0","0","0","0","0","0","0","0","0","0","0","0","0","","","",
"Mauritania","MRT","Electricity production from nuclear sources (% of total)","EG.ELC.NUCL.ZS","","","","","","","","","","","","","","","","","","","","","","","","","","","","","","","","","","","","","","","","","0","0","0","0","0","0","0","0","0","0","0","0","0","0","0","0","0","0","0","0","0","0","","","",
"Mauritius","MUS","Electricity production from nuclear sources (% of total)","EG.ELC.NUCL.ZS","","","","","","","","","","","","","","","","","","","","","","","","","","","","","","","0","0","0","0","0","0","0","0","0","0","0","0","0","0","0","0","0","0","0","0","0","0","0","0","0","0","0","0","0","0","0","0","","","",
"Malawi","MWI","Electricity production from nuclear sources (% of total)","EG.ELC.NUCL.ZS","","","","","","","","","","","","","","","","","","","","","","","","","","","","","","","","","","","","","","","","","0","0","0","0","0","0","0","0","0","0","0","0","0","0","0","0","0","0","0","0","0","0","","","",
"Malaysia","MYS","Electricity production from nuclear sources (% of total)","EG.ELC.NUCL.ZS","","","","","","","","","","","","","","","","","","","","","","","","","","","","","","","0","0","0","0","0","0","0","0","0","0","0","0","0","0","0","0","0","0","0","0","0","0","0","0","0","0","0","0","0","0","0","0","","","",
"North America","NAC","Electricity production from nuclear sources (% of total)","EG.ELC.NUCL.ZS","","","","","","","","","","","","","","","","","","","","","","","","","","","","","","","18.4955549455419","19.4014814611278","19.3213073135363","18.7853481566032","19.5233086151016","19.5910747828001","19.0066329697907","17.530207726914","17.8843460667118","18.8804898864649","18.6851612881069","19.5099458644949","18.9141633188877","18.46638918529","18.9254696782365","18.3656667091852","18.6137831248369","18.6850461734282","18.6711661861034","19.1859719697069","18.6609524184246","18.3629346449839","18.2010258493728","18.643533428071","18.7609008538648","18.7354147311768","18.875798115843","18.9965622073967","18.4215986169414","18.7262248672796","18.7588898394912","18.0138324270102","17.3103276889816","17.7313135755311","",
"Namibia","NAM","Electricity production from nuclear sources (% of total)","EG.ELC.NUCL.ZS","","","","","","","","","","","","","","","","","","","","","","","","","","","","","","","","0","0","0","0","0","0","0","0","0","0","0","0","0","0","0","0","0","0","0","0","0","0","0","0","0","0","0","0","0","0","0","","","",
"New Caledonia","NCL","Electricity production from nuclear sources (% of total)","EG.ELC.NUCL.ZS","","","","","","","","","","","","","","","","","","","","","","","","","","","","","","","","","","","","","","","","","0","0","0","0","0","0","0","0","0","0","0","0","0","0","0","0","0","0","0","0","0","0","","","",
"Niger","NER","Electricity production from nuclear sources (% of total)","EG.ELC.NUCL.ZS","","","","","","","","","","","","","","","","","","","","","","","","","","","","","","","","","","","","","","","","","0","0","0","0","0","0","0","0","0","0","0","0","0","0","0","0","0","0","0","0","0","0","","","",
"Nigeria","NGA","Electricity production from nuclear sources (% of total)","EG.ELC.NUCL.ZS","","","","","","","","","","","","","","","","","","","","","","","","","","","","","","","0","0","0","0","0","0","0","0","0","0","0","0","0","0","0","0","0","0","0","0","0","0","0","0","0","0","0","0","0","0","0","0","","","",
"Nicaragua","NIC","Electricity production from nuclear sources (% of total)","EG.ELC.NUCL.ZS","","","","","","","","","","","","","","","","","","","","","","","","","","","","","","","0","0","0","0","0","0","0","0","0","0","0","0","0","0","0","0","0","0","0","0","0","0","0","0","0","0","0","0","0","0","0","0","","","",
"Netherlands","NLD","Electricity production from nuclear sources (% of total)","EG.ELC.NUCL.ZS","","","","","","","","","","","","","","","","","","","","","","","","","","","","","","","4.86605157847932","4.47542482254248","4.91864814838785","5.11670705944867","4.96700765021849","4.95089764284042","4.86988281844468","2.78307502051478","4.18591889370576","4.41881918819188","4.38018096417534","4.24500603226461","4.07893228868214","4.15005474188684","3.77615744857431","4.00016012649993","3.50996124776138","3.99372414776779","3.87626450461172","3.73644351795657","3.32774377462899","3.63363547818151","3.79235523180348","2.84463249040638","3.95808742429227","3.70010797274369","3.43875371229094","2.90354792731742","3.07224228223712","3.21972192936215","3.31527117571667","3.13252025865597","3.41855032408778","3.28443089095854","",
"Norway","NOR","Electricity production from nuclear sources (% of total)","EG.ELC.NUCL.ZS","","","","","","","","","","","","","","","","","","","","","","","","","","","","","","","0","0","0","0","0","0","0","0","0","0","0","0","0","0","0","0","0","0","0","0","0","0","0","0","0","0","0","0","0","0","0","0","","","",
"Nepal","NPL","Electricity production from nuclear sources (% of total)","EG.ELC.NUCL.ZS","","","","","","","","","","","","","","","","","","","","","","","","","","","","","","","0","0","0","0","0","0","0","0","0","0","0","0","0","0","0","0","0","0","0","0","0","0","0","0","0","0","0","0","0","0","0","0","","","",
"Nauru","NRU","Electricity production from nuclear sources (% of total)","EG.ELC.NUCL.ZS","","","","","","","","","","","","","","","","","","","","","","","","","","","","","","","","","","","","","","","","","0","0","0","0","0","0","0","0","0","0","0","0","0","0","0","0","0","0","0","0","0","0","","","",
"New Zealand","NZL","Electricity production from nuclear sources (% of total)","EG.ELC.NUCL.ZS","","","","","","","","","","","","","","","","","","","","","","","","","","","","","","","0","0","0","0","0","0","0","0","0","0","0","0","0","0","0","0","0","0","0","0","0","0","0","0","0","0","0","0","0","0","0","0","","","",
"OECD members","OED","Electricity production from nuclear sources (% of total)","EG.ELC.NUCL.ZS","","","","","","","","","","","","","","","","","","","","","","","","","","","","","","","22.4502112638941","23.0672243964659","23.1520657802502","23.4357421367046","23.5304722459584","23.7699477834684","23.7462060587437","23.1136170683543","23.1763301168112","23.4255874849704","22.8652767759169","23.4735930352672","22.8649685563406","22.0775652183837","22.4520487763628","22.1499417258817","22.0514624789281","20.9481005909012","20.9099888176362","21.2978852891348","20.7159479856681","18.9116249144794","17.709696025066","17.7846571241565","18.0518017124908","17.8784916980258","17.6841501476231","17.5182681854282","17.422243732241","17.7403701390546","17.055427741645","16.9335814769523","15.8366005451279","16.5332052132252","",
"Oman","OMN","Electricity production from nuclear sources (% of total)","EG.ELC.NUCL.ZS","","","","","","","","","","","","","","","","","","","","","","","","","","","","","","","0","0","0","0","0","0","0","0","0","0","0","0","0","0","0","0","0","0","0","0","0","0","0","0","0","0","0","0","0","0","0","0","","","",
"Other small states","OSS","Electricity production from nuclear sources (% of total)","EG.ELC.NUCL.ZS","","","","","","","","","","","","","","","","","","","","","","","","","","","","","","","0","0","0","0","0","0","0","0","0","0","0","0","0","0","0","0","0","0","0","0","0","0","0","0","0","0","0","0","0","0","0","0","","","",
"Pakistan","PAK","Electricity production from nuclear sources (% of total)","EG.ELC.NUCL.ZS","","","","","","","","","","","","","","","","","","","","","","","","","","","","","","","0.777745334855201","0.937286980231766","1.19237861094038","0.981321328436599","0.954159275511157","0.84800814649648","0.585200845665962","0.603330383718124","0.434064926331234","0.60656734569778","2.93176346232897","3.16305398315615","2.29842544647575","2.1774093777063","3.26408109402189","2.6530241698619","2.32963049698105","3.21656683496932","1.76606706252183","3.03491091372422","3.62349550771317","5.53685981701546","4.73654096228869","4.89065682770283","5.4249074662579","4.13754065661557","5.66890485408584","7.52607082733457","7.70942418560503","8.09057857174918","6.60802918675849","12.0013770225018","15.5747429093918","","",
"Panama","PAN","Electricity production from nuclear sources (% of total)","EG.ELC.NUCL.ZS","","","","","","","","","","","","","","","","","","","","","","","","","","","","","","","0","0","0","0","0","0","0","0","0","0","0","0","0","0","0","0","0","0","0","0","0","0","0","0","0","0","0","0","0","0","0","0","","","",
"Peru","PER","Electricity production from nuclear sources (% of total)","EG.ELC.NUCL.ZS","","","","","","","","","","","","","","","","","","","","","","","","","","","","","","","0","0","0","0","0","0","0","0","0","0","0","0","0","0","0","0","0","0","0","0","0","0","0","0","0","0","0","0","0","0","0","0","","","",
"Philippines","PHL","Electricity production from nuclear sources (% of total)","EG.ELC.NUCL.ZS","","","","","","","","","","","","","","","","","","","","","","","","","","","","","","","0","0","0","0","0","0","0","0","0","0","0","0","0","0","0","0","0","0","0","0","0","0","0","0","0","0","0","0","0","0","0","0","","","",
"Palau","PLW","Electricity production from nuclear sources (% of total)","EG.ELC.NUCL.ZS","","","","","","","","","","","","","","","","","","","","","","","","","","","","","","","","","","","","","","","","","0","0","0","0","0","0","0","0","0","0","0","0","0","0","0","0","0","0","0","0","0","0","","","",
"Papua New Guinea","PNG","Electricity production from nuclear sources (% of total)","EG.ELC.NUCL.ZS","","","","","","","","","","","","","","","","","","","","","","","","","","","","","","","","","","","","","","","","","0","0","0","0","0","0","0","0","0","0","0","0","0","0","0","0","0","0","0","0","0","0","","","",
"Poland","POL","Electricity production from nuclear sources (% of total)","EG.ELC.NUCL.ZS","","","","","","","","","","","","","","","","","","","","","","","","","","","","","","","0","0","0","0","0","0","0","0","0","0","0","0","0","0","0","0","0","0","0","0","0","0","0","0","0","0","0","0","0","0","0","0","","","",
"Pre-demographic dividend","PRE","Electricity production from nuclear sources (% of total)","EG.ELC.NUCL.ZS","","","","","","","","","","","","","","","","","","","","","","","","","","","","","","","0","0","0","0","0","0","0","0","0","0","0","0","0","0","0","0","0","0","0","0","0","0","0","0","0","0","0","0","0","0","0","0","","","",
"Puerto Rico (US)","PRI","Electricity production from nuclear sources (% of total)","EG.ELC.NUCL.ZS","","","","","","","","","","","","","","","","","","","","","","","","","","","","","","","","","","","","","","","","","0","0","0","0","0","0","0","0","0","0","0","0","0","0","0","0","0","0","0","0","0","0","","","",
"Korea, Dem. People's Rep.","PRK","Electricity production from nuclear sources (% of total)","EG.ELC.NUCL.ZS","","","","","","","","","","","","","","","","","","","","","","","","","","","","","","","0","0","0","0","0","0","0","0","0","0","0","0","0","0","0","0","0","0","0","0","0","0","0","0","0","0","0","0","0","0","0","0","","","",
"Portugal","PRT","Electricity production from nuclear sources (% of total)","EG.ELC.NUCL.ZS","","","","","","","","","","","","","","","","","","","","","","","","","","","","","","","0","0","0","0","0","0","0","0","0","0","0","0","0","0","0","0","0","0","0","0","0","0","0","0","0","0","0","0","0","0","0","0","","","",
"Paraguay","PRY","Electricity production from nuclear sources (% of total)","EG.ELC.NUCL.ZS","","","","","","","","","","","","","","","","","","","","","","","","","","","","","","","0","0","0","0","0","0","0","0","0","0","0","0","0","0","0","0","0","0","0","0","0","0","0","0","0","0","0","0","0","0","0","0","","","",
"West Bank and Gaza","PSE","Electricity production from nuclear sources (% of total)","EG.ELC.NUCL.ZS","","","","","","","","","","","","","","","","","","","","","","","","","","","","","","","","","","","","","","","","","0","0","0","0","0","0","0","0","0","0","0","0","0","0","0","0","0","0","0","0","0","0","","","",
"Pacific island small states","PSS","Electricity production from nuclear sources (% of total)","EG.ELC.NUCL.ZS","","","","","","","","","","","","","","","","","","","","","","","","","","","","","","","","","","","","","","","","","0","0","0","0","0","0","0","0","0","0","0","0","0","0","0","0","0","0","0","0","0","0","","","",
"Post-demographic dividend","PST","Electricity production from nuclear sources (% of total)","EG.ELC.NUCL.ZS","","","","","","","","","","","","","","","","","","","","","","","","","","","","","","","23.401656159167","24.0531763170655","24.243001349826","24.6634820764944","24.844581575364","25.1501806031541","25.2862568904552","24.6531669596046","24.7266590500916","24.9255429552164","24.4310866049891","25.0831636108401","24.4382302165241","23.6809320720106","24.1328792142918","23.8466578185303","23.8053549329509","22.6934330574381","22.6563146011436","23.094368428539","22.5336085418695","20.724365015198","19.5080775788437","19.4806550153008","19.8734306375317","19.773743507638","19.5649427024791","19.5011207880401","19.3867185045904","19.7516562801209","18.9731438321125","19.0948272648139","17.7184320651131","18.2415958693108","",
"French Polynesia","PYF","Electricity production from nuclear sources (% of total)","EG.ELC.NUCL.ZS","","","","","","","","","","","","","","","","","","","","","","","","","","","","","","","","","","","","","","","","","0","0","0","0","0","0","0","0","0","0","0","0","0","0","0","0","0","0","0","0","0","0","","","",
"Qatar","QAT","Electricity production from nuclear sources (% of total)","EG.ELC.NUCL.ZS","","","","","","","","","","","","","","","","","","","","","","","","","","","","","","","0","0","0","0","0","0","0","0","0","0","0","0","0","0","0","0","0","0","0","0","0","0","0","0","0","0","0","0","0","0","0","0","","","",
"Romania","ROU","Electricity production from nuclear sources (% of total)","EG.ELC.NUCL.ZS","","","","","","","","","","","","","","","","","","","","","","","","","","","","","","","0","0","0","0","0","0","2.25916870415648","9.44914957653811","9.92036787797218","10.2504436994676","10.5056417761004","10.1102736420005","10.0716138697066","8.89735219441422","9.81964282553674","9.34980559810143","8.98288594350607","12.4997973181133","17.2824681322742","20.2571793015479","19.0606602272914","18.8806917723452","19.4190871369295","19.7289770411629","17.778183811438","17.557620369253","17.3356066540712","17.8984695782008","17.5365312288057","18.9191909026869","20.4991597239604","18.9742727425593","19.7992928823971","19.3008174950847","",
"Russian Federation","RUS","Electricity production from nuclear sources (% of total)","EG.ELC.NUCL.ZS","","","","","","","","","","","","","","","","","","","","","","","","","","","","","","","10.9323828815176","11.2327425683159","11.8623630323764","12.4595044674452","11.1677630452305","11.5731250297956","12.8692384053977","13.0072938096129","12.732754806216","14.4020628059171","14.891782092266","15.3637897684689","15.8904278653854","16.4077591494359","15.5287514822426","15.680221931704","15.7096748925983","15.7622179127439","15.6755374724019","16.4906550535293","16.4171555735383","16.3961640744621","16.5805886429309","16.2882922352355","16.9851354106861","18.3102523174689","18.0218942173638","18.5639429473777","18.3454653558044","18.6344619489038","19.7991680027017","19.2659062838533","19.4041636443398","","",
"Rwanda","RWA","Electricity production from nuclear sources (% of total)","EG.ELC.NUCL.ZS","","","","","","","","","","","","","","","","","","","","","","","","","","","","","","","","","","","","","","","","","0","0","0","0","0","0","0","0","0","0","0","0","0","0","0","0","0","0","0","0","0","0","","","",
"South Asia","SAS","Electricity production from nuclear sources (% of total)","EG.ELC.NUCL.ZS","","","","","","","","","","","","","","","","","","","","","","","","","","","","","","","2.03864156956478","1.68317344454972","1.94326790285394","1.45676920004534","1.40916054150886","1.83523363476046","1.99789880337513","2.08282121779869","2.30658950948697","2.37141062149967","2.87558877943965","3.20338565985015","3.06262865528047","2.6428341884641","2.38355144092417","2.31104033620488","2.31228238110925","1.95551676222794","1.65952257780078","1.92635197508188","2.538558869041","2.86665031049962","2.77081726960888","2.71741730155706","2.63778900132809","2.5942968627557","2.47995741662739","2.37920151252341","2.20350418237472","2.63540917438152","2.59666448492699","2.66067281102946","2.35949697403427","","",
"Saudi Arabia","SAU","Electricity production from nuclear sources (% of total)","EG.ELC.NUCL.ZS","","","","","","","","","","","","","","","","","","","","","","","","","","","","","","","0","0","0","0","0","0","0","0","0","0","0","0","0","0","0","0","0","0","0","0","0","0","0","0","0","0","0","0","0","0","0","0","","","",
"Sudan","SDN","Electricity production from nuclear sources (% of total)","EG.ELC.NUCL.ZS","","","","","","","","","","","","","","","","","","","","","","","","","","","","","","","0","0","0","0","0","0","0","0","0","0","0","0","0","0","0","0","0","0","0","0","0","0","0","0","0","0","0","0","0","0","0","0","","","",
"Senegal","SEN","Electricity production from nuclear sources (% of total)","EG.ELC.NUCL.ZS","","","","","","","","","","","","","","","","","","","","","","","","","","","","","","","0","0","0","0","0","0","0","0","0","0","0","0","0","0","0","0","0","0","0","0","0","0","0","0","0","0","0","0","0","0","0","0","","","",
"Singapore","SGP","Electricity production from nuclear sources (% of total)","EG.ELC.NUCL.ZS","","","","","","","","","","","","","","","","","","","","","","","","","","","","","","","0","0","0","0","0","0","0","0","0","0","0","0","0","0","0","0","0","0","0","0","0","0","0","0","0","0","0","0","0","0","0","0","","","",
"Solomon Islands","SLB","Electricity production from nuclear sources (% of total)","EG.ELC.NUCL.ZS","","","","","","","","","","","","","","","","","","","","","","","","","","","","","","","","","","","","","","","","","0","0","0","0","0","0","0","0","0","0","0","0","0","0","0","0","0","0","0","0","0","0","","","",
"Sierra Leone","SLE","Electricity production from nuclear sources (% of total)","EG.ELC.NUCL.ZS","","","","","","","","","","","","","","","","","","","","","","","","","","","","","","","","","","","","","","","","","0","0","0","0","0","0","0","0","0","0","0","0","0","0","0","0","0","0","0","0","0","0","","","",
"El Salvador","SLV","Electricity production from nuclear sources (% of total)","EG.ELC.NUCL.ZS","","","","","","","","","","","","","","","","","","","","","","","","","","","","","","","0","0","0","0","0","0","0","0","0","0","0","0","0","0","0","0","0","0","0","0","0","0","0","0","0","0","0","0","0","0","0","0","","","",
"San Marino","SMR","Electricity production from nuclear sources (% of total)","EG.ELC.NUCL.ZS","","","","","","","","","","","","","","","","","","","","","","","","","","","","","","","","","","","","","","","","","","","","","","","","","","","","","","","","","","","","","","","","","",
"Somalia, Fed. Rep.","SOM","Electricity production from nuclear sources (% of total)","EG.ELC.NUCL.ZS","","","","","","","","","","","","","","","","","","","","","","","","","","","","","","","","","","","","","","","","","0","0","0","0","0","0","0","0","0","0","0","0","0","0","0","0","0","0","0","0","0","0","","","",
"Serbia","SRB","Electricity production from nuclear sources (% of total)","EG.ELC.NUCL.ZS","","","","","","","","","","","","","","","","","","","","","","","","","","","","","","","0","0","0","0","0","0","0","0","0","0","0","0","0","0","0","0","0","0","0","0","0","0","0","0","0","0","0","0","0","0","0","0","","","",
"Sub-Saharan Africa (excluding high income)","SSA","Electricity production from nuclear sources (% of total)","EG.ELC.NUCL.ZS","","","","","","","","","","","","","","","","","","","","","","","","","","","","","","","3.70167537064947","3.92633400461164","4.00956632102432","3.036441483106","3.93387423935091","4.43731570081789","4.35751212887134","4.50659758474591","4.87931751976696","4.54751564016636","4.35914576423883","3.51927001429279","3.69418654388161","3.77227932657471","3.7533000395634","3.12939521313099","2.67796479696948","2.92371365318473","3.38498498335907","3.37175952608954","3.00060361758367","3.2706034878702","2.86371909622712","3.30742509195655","3.12078538996424","2.71468115407647","3.24561461866642","3.10064059370113","2.45040692731308","2.78074561543123","2.10489622710689","2.5305687792823","2.06737582669726","","",
"South Sudan","SSD","Electricity production from nuclear sources (% of total)","EG.ELC.NUCL.ZS","","","","","","","","","","","","","","","","","","","","","","","","","","","","","","","","","","","","","","","","","","","","","","","","","","","","","0","0","0","0","0","0","0","0","0","0","","","",
"Sub-Saharan Africa","SSF","Electricity production from nuclear sources (% of total)","EG.ELC.NUCL.ZS","","","","","","","","","","","","","","","","","","","","","","","","","","","","","","","3.68228372194378","3.90605643790208","3.9882002859756","3.01896685170236","3.91085335409012","4.41086929369887","4.33181520531516","4.48082707699285","4.85055331471714","4.52118479907019","4.33212602097988","3.49398857293955","3.66861190904669","3.74417406604028","3.72438046331293","3.10295467889186","2.65301451751454","2.89515983357014","3.34971716991247","3.33418896790657","2.96168905035971","3.21865617219157","2.81032054839665","3.23853832133743","3.05240369045652","2.65097407862078","3.1571674782586","3.01076742325465","2.37523742374857","2.69322672176793","2.03467862443233","2.45064333900165","1.99444980204023","","",
"Small states","SST","Electricity production from nuclear sources (% of total)","EG.ELC.NUCL.ZS","","","","","","","","","","","","","","","","","","","","","","","","","","","","","","","0","0","0","0","0","0","0","0","0","0","0","0","0","0","0","0","0","0","0","0","0","0","0","0","0","0","0","0","0","0","0","0","","","",
"Sao Tome and Principe","STP","Electricity production from nuclear sources (% of total)","EG.ELC.NUCL.ZS","","","","","","","","","","","","","","","","","","","","","","","","","","","","","","","","","","","","","","","","","0","0","0","0","0","0","0","0","0","0","0","0","0","0","0","0","0","0","0","0","0","0","","","",
"Suriname","SUR","Electricity production from nuclear sources (% of total)","EG.ELC.NUCL.ZS","","","","","","","","","","","","","","","","","","","","","","","","","","","","","","","","","","","","","","","","","0","0","0","0","0","0","0","0","0","0","0","0","0","0","0","0","0","0","0","0","0","0","","","",
"Slovak Republic","SVK","Electricity production from nuclear sources (% of total)","EG.ELC.NUCL.ZS","","","","","","","","","","","","","","","","","","","","","","","","","","","","","","","46.0584723710393","47.2340081626056","46.7685275320608","46.9928811062925","48.9849097697573","42.7168148203481","43.6684782608696","43.6856432713931","43.7692071296865","46.1752384975534","52.9366454843058","53.3701554016102","55.3643568631079","57.2968118545128","55.7005921418523","56.3567000476872","57.3301928830607","54.6549757627602","57.6721220910158","53.8367424966546","52.3153133749731","53.7793132328308","54.0573541724812","54.5227524972253","56.5636290646327","56.2985540646025","54.5891220809932","54.3694570625135","55.0331837899967","53.7455159316311","53.5543380262154","52.4053837953092","59.3188762202847","61.3082299434839","",
"Slovenia","SVN","Electricity production from nuclear sources (% of total)","EG.ELC.NUCL.ZS","","","","","","","","","","","","","","","","","","","","","","","","","","","","","","","37.1423979427837","38.857501569366","32.1694750486066","33.1156872593337","35.742535866615","37.0092155192442","35.5901049245615","38.091985428051","36.7278554778555","35.4094405067109","34.9456840869055","36.3403843495092","37.8682011234416","37.6772793053546","35.7474952524393","38.9230667460475","36.7052596758187","37.8581399986705","38.2523324592963","34.9875022861672","34.4099756690998","38.7010399153123","35.1274067484273","32.9131217785506","36.5315134484143","37.4039735099338","34.6363636363636","38.4968761484748","35.3791498223692","36.1575253121312","36.9517161140198","35.9347442680776","41.1648061104583","35.2878196246379","",
"Sweden","SWE","Electricity production from nuclear sources (% of total)","EG.ELC.NUCL.ZS","","","","","","","","","","","","","","","","","","","","","","","","","","","","","","","46.5382147781099","52.0780753887487","43.3851090704264","42.1055880174471","51.1390883099271","47.1415763965191","52.8031735649998","46.8532452478744","46.3278579118686","47.2607516466486","39.4558947035094","44.6172122982112","46.4176917572495","49.7759105709666","51.0656526380999","45.6824565279137","46.7012048864841","44.9691784961255","42.5818792572548","38.1562877098036","38.9288310849019","40.2081047837505","38.4465751286316","43.3888722040139","42.2203132829634","34.758685353336","40.4467662329338","39.9975646879756","41.9516523867809","39.2605038025635","30.0293591645151","30.8298117556665","29.9978632355234","29.1824459790599","",
"Eswatini","SWZ","Electricity production from nuclear sources (% of total)","EG.ELC.NUCL.ZS","","","","","","","","","","","","","","","","","","","","","","","","","","","","","","","","","","","","","","","","","0","0","0","0","0","0","0","0","0","0","0","0","0","0","0","0","0","0","0","0","0","0","","","",
"Sint Maarten (Dutch part)","SXM","Electricity production from nuclear sources (% of total)","EG.ELC.NUCL.ZS","","","","","","","","","","","","","","","","","","","","","","","","","","","","","","","","","","","","","","","","","","","","","","","","","","","","","0","0","0","0","0","0","0","0","0","0","","","",
"Seychelles","SYC","Electricity production from nuclear sources (% of total)","EG.ELC.NUCL.ZS","","","","","","","","","","","","","","","","","","","","","","","","","","","","","","","","","","","","","","","","","0","0","0","0","0","0","0","0","0","0","0","0","0","0","0","0","0","0","0","0","0","0","","","",
"Syrian Arab Republic","SYR","Electricity production from nuclear sources (% of total)","EG.ELC.NUCL.ZS","","","","","","","","","","","","","","","","","","","","","","","","","","","","","","","0","0","0","0","0","0","0","0","0","0","0","0","0","0","0","0","0","0","0","0","0","0","0","0","0","0","0","0","0","0","0","0","","","",
"Turks and Caicos Islands","TCA","Electricity production from nuclear sources (% of total)","EG.ELC.NUCL.ZS","","","","","","","","","","","","","","","","","","","","","","","","","","","","","","","","","","","","","","","","","0","0","0","0","0","0","0","0","0","0","0","0","0","0","0","0","0","0","0","0","0","0","","","",
"Chad","TCD","Electricity production from nuclear sources (% of total)","EG.ELC.NUCL.ZS","","","","","","","","","","","","","","","","","","","","","","","","","","","","","","","","","","","","","","","","","0","0","0","0","0","0","0","0","0","0","0","0","0","0","0","0","0","0","0","0","0","0","","","",
"East Asia & Pacific (IDA & IBRD countries)","TEA","Electricity production from nuclear sources (% of total)","EG.ELC.NUCL.ZS","","","","","","","","","","","","","","","","","","","","","","","","","","","","","","","0","0","0","0.156464449696777","1.2955951870869","1.02850447290849","1.06232352337549","1.00967942083141","0.961290665663107","0.961975302286373","0.98353011623925","0.945050112077307","1.22802325511553","1.86075536003328","1.90400805447205","1.78692139146729","1.63048873307401","1.63026475016735","1.70294950809984","1.63030969201027","1.52264492243981","1.60159121787756","1.70273497430138","1.79800419327576","2.0009505760754","2.54628103466093","2.99386091685015","3.23159487910588","3.60166152811481","4.05849234475583","4.1467103037216","4.19494584700047","4.10428574768784","","",
"Europe & Central Asia (IDA & IBRD countries)","TEC","Electricity production from nuclear sources (% of total)","EG.ELC.NUCL.ZS","","","","","","","","","","","","","","","","","","","","","","","","","","","","","","","10.2119147224143","10.4295774824191","10.9084560122984","11.6479382955832","10.8983049223598","11.3440751966711","12.8026165665171","13.1013730357704","12.6856957690137","13.325224656599","13.8946611134398","14.0634362957205","14.4292785535528","14.3653541327083","14.0074088810382","14.1214055465955","13.9990338317041","13.9337623307465","13.908012801885","14.2127844513652","14.0690272407266","13.9622044923618","13.9409899512287","13.2603650293083","13.9865876519265","14.588171301201","14.016711456033","14.3639334894087","13.9942568829716","14.2682901578551","14.5772019998825","14.4836338160884","13.9407217753137","","",
"Togo","TGO","Electricity production from nuclear sources (% of total)","EG.ELC.NUCL.ZS","","","","","","","","","","","","","","","","","","","","","","","","","","","","","","","0","0","0","0","0","0","0","0","0","0","0","0","0","0","0","0","0","0","0","0","0","0","0","0","0","0","0","0","0","0","0","0","","","",
"Thailand","THA","Electricity production from nuclear sources (% of total)","EG.ELC.NUCL.ZS","","","","","","","","","","","","","","","","","","","","","","","","","","","","","","","0","0","0","0","0","0","0","0","0","0","0","0","0","0","0","0","0","0","0","0","0","0","0","0","0","0","0","0","0","0","0","0","","","",
"Tajikistan","TJK","Electricity production from nuclear sources (% of total)","EG.ELC.NUCL.ZS","","","","","","","","","","","","","","","","","","","","","","","","","","","","","","","0","0","0","0","0","0","0","0","0","0","0","0","0","0","0","0","0","0","0","0","0","0","0","0","0","0","0","0","0","0","0","0","","","",
"Turkmenistan","TKM","Electricity production from nuclear sources (% of total)","EG.ELC.NUCL.ZS","","","","","","","","","","","","","","","","","","","","","","","","","","","","","","","0","0","0","0","0","0","0","0","0","0","0","0","0","0","0","0","0","0","0","0","0","0","0","0","0","0","0","0","0","0","0","0","","","",
"Latin America & the Caribbean (IDA & IBRD countries)","TLA","Electricity production from nuclear sources (% of total)","EG.ELC.NUCL.ZS","","","","","","","","","","","","","","","","","","","","","","","","","","","","","","","2.12743788496292","2.1595044708491","1.98382033513021","1.93729443096128","1.75296720024737","2.4018150836865","2.25615285549902","2.58789255678174","2.27286686275446","2.31386983069299","2.11979069524282","3.1395933222028","2.97904542849755","3.01617905665118","2.63404676769603","2.41767813841611","2.71860136789965","2.41679407865142","2.42421360951634","2.45483762553385","2.03477426488236","2.25524590778261","2.11489345957319","2.21427550039999","2.01734821797421","2.13336465253375","2.202619679714","2.06408155086266","2.21188768599491","2.19184687824818","2.27252436466935","2.19282044835472","1.97598430903857","2.14606044788806","",
"Timor-Leste","TLS","Electricity production from nuclear sources (% of total)","EG.ELC.NUCL.ZS","","","","","","","","","","","","","","","","","","","","","","","","","","","","","","","","","","","","","","","","","","","0","0","0","0","0","0","0","0","0","0","0","0","0","0","0","0","0","0","0","0","","","",
"Middle East, North Africa, Afghanistan & Pakistan (IDA & IBRD)","TMN","Electricity production from nuclear sources (% of total)","EG.ELC.NUCL.ZS","","","","","","","","","","","","","","","","","","","","","","","","","","","","","","","0.131682434102604","0.164832106725578","0.227407708417993","0.182875898281261","0.176371712876516","0.159011822183301","0.107618855072238","0.109694347669653","0.078164563929806","0.103745768264716","0.486415228883819","0.525578561973925","0.374770138289535","0.359274276576238","0.532351972153592","0.441995619474654","0.381311160089374","0.492243485672587","0.247718035390211","0.426989495512501","0.46170630829329","0.750333695211904","0.828928871582236","1.19164885654948","1.21683806901345","0.865592880988393","1.50587607350891","1.81371067246882","1.78564081041492","1.71999312629234","1.43430657444682","2.16916910324095","3.11713412841912","","",
"Tonga","TON","Electricity production from nuclear sources (% of total)","EG.ELC.NUCL.ZS","","","","","","","","","","","","","","","","","","","","","","","","","","","","","","","","","","","","","","","","","0","0","0","0","0","0","0","0","0","0","0","0","0","0","0","0","0","0","0","0","0","0","","","",
"South Asia (IDA & IBRD)","TSA","Electricity production from nuclear sources (% of total)","EG.ELC.NUCL.ZS","","","","","","","","","","","","","","","","","","","","","","","","","","","","","","","2.03864156956478","1.68317344454972","1.94326790285394","1.45676920004534","1.40916054150886","1.83523363476046","1.99789880337513","2.08282121779869","2.30658950948697","2.37141062149967","2.87558877943965","3.20338565985015","3.06262865528047","2.6428341884641","2.38355144092417","2.31104033620488","2.31228238110925","1.95551676222794","1.65952257780078","1.92635197508188","2.538558869041","2.86665031049962","2.77081726960888","2.71741730155706","2.63778900132809","2.5942968627557","2.47995741662739","2.37920151252341","2.20350418237472","2.63540917438152","2.59666448492699","2.66067281102946","2.35949697403427","","",
"Sub-Saharan Africa (IDA & IBRD countries)","TSS","Electricity production from nuclear sources (% of total)","EG.ELC.NUCL.ZS","","","","","","","","","","","","","","","","","","","","","","","","","","","","","","","3.68228372194378","3.90605643790208","3.9882002859756","3.01896685170236","3.91085335409012","4.41086929369887","4.33181520531516","4.48082707699285","4.85055331471714","4.52118479907019","4.33212602097988","3.49398857293955","3.66861190904669","3.74417406604028","3.72438046331293","3.10295467889186","2.65301451751454","2.89515983357014","3.34971716991247","3.33418896790657","2.96168905035971","3.21865617219157","2.81032054839665","3.23853832133743","3.05240369045652","2.65097407862078","3.1571674782586","3.01076742325465","2.37523742374857","2.69322672176793","2.03467862443233","2.45064333900165","1.99444980204023","","",
"Trinidad and Tobago","TTO","Electricity production from nuclear sources (% of total)","EG.ELC.NUCL.ZS","","","","","","","","","","","","","","","","","","","","","","","","","","","","","","","0","0","0","0","0","0","0","0","0","0","0","0","0","0","0","0","0","0","0","0","0","0","0","0","0","0","0","0","0","0","0","0","","","",
"Tunisia","TUN","Electricity production from nuclear sources (% of total)","EG.ELC.NUCL.ZS","","","","","","","","","","","","","","","","","","","","","","","","","","","","","","","0","0","0","0","0","0","0","0","0","0","0","0","0","0","0","0","0","0","0","0","0","0","0","0","0","0","0","0","0","0","0","0","","","",
"Turkiye","TUR","Electricity production from nuclear sources (% of total)","EG.ELC.NUCL.ZS","","","","","","","","","","","","","","","","","","","","","","","","","","","","","","","0","0","0","0","0","0","0","0","0","0","0","0","0","0","0","0","0","0","0","0","0","0","0","0","0","0","0","0","0","0","0","0","","","",
"Tuvalu","TUV","Electricity production from nuclear sources (% of total)","EG.ELC.NUCL.ZS","","","","","","","","","","","","","","","","","","","","","","","","","","","","","","","","","","","","","","","","","0","0","0","0","0","0","0","0","0","0","0","0","0","0","0","0","0","0","0","0","0","0","","","",
"Tanzania","TZA","Electricity production from nuclear sources (% of total)","EG.ELC.NUCL.ZS","","","","","","","","","","","","","","","","","","","","","","","","","","","","","","","0","0","0","0","0","0","0","0","0","0","0","0","0","0","0","0","0","0","0","0","0","0","0","0","0","0","0","0","0","0","0","0","","","",
"Uganda","UGA","Electricity production from nuclear sources (% of total)","EG.ELC.NUCL.ZS","","","","","","","","","","","","","","","","","","","","","","","","","","","","","","","","","","","","","","","","","0","0","0","0","0","0","0","0","0","0","0","0","0","0","0","0","0","0","0","0","0","0","","","",
"Ukraine","UKR","Electricity production from nuclear sources (% of total)","EG.ELC.NUCL.ZS","","","","","","","","","","","","","","","","","","","","","","","","","","","","","","","25.4919939096826","26.9593050168112","29.2051448575185","32.7277235043887","33.92830742847","36.3486892968694","43.4880264063917","44.6247794968596","43.5355452430825","41.8690448524285","45.1112601709003","44.0354508244109","44.8904647334431","45.1352849855844","47.7709768616364","47.7041734970842","46.6566001830583","47.154918955827","46.6498083972874","47.7620536922802","47.2133370051052","46.2933705398363","45.3227606874566","42.8080482773168","48.348083886707","53.5349030437067","49.1878983794426","54.8441054891531","52.8038640330845","53.8481001161274","51.3466345927079","54.5904732955913","55.2727661317613","49.4154436924949","",
"Upper middle income","UMC","Electricity production from nuclear sources (% of total)","EG.ELC.NUCL.ZS","","","","","","","","","","","","","","","","","","","","","","","","","","","","","","","4.56493403902362","4.42610156547609","4.21329251853269","4.08368219816979","4.23173920362691","4.29025447862638","4.52833204744131","4.45963492415","4.17318978944013","3.95447788830482","3.89780710865148","3.93796812357544","3.95125652388066","4.17322627312001","4.03839919847739","3.75387961552524","3.53651953885036","3.36872519107313","3.32697421093917","3.12239455326283","2.8941252702703","2.9205941741987","2.90128663709818","2.88372706090591","2.99990119931461","3.38440478340137","3.67845786137526","3.83626672690073","4.05883968417516","4.38437051033823","4.37493373284794","4.47456220356943","4.22845301066001","1.81781429616399","",
"Uruguay","URY","Electricity production from nuclear sources (% of total)","EG.ELC.NUCL.ZS","","","","","","","","","","","","","","","","","","","","","","","","","","","","","","","0","0","0","0","0","0","0","0","0","0","0","0","0","0","0","0","0","0","0","0","0","0","0","0","0","0","0","0","0","0","0","0","","","",
"United States","USA","Electricity production from nuclear sources (% of total)","EG.ELC.NUCL.ZS","","","","","","","","","","","","","","","","","","","","","","","","","","","","","","","19.0015848402157","19.8238924978021","19.9315792943959","18.966106564105","19.5460689490375","19.9269481652454","19.450849083851","18.0208766031466","18.6431549601108","19.8026282367394","19.6837786080129","20.5055898535356","19.8591747467367","19.3009198963977","19.4818456013812","18.8788198868844","18.9776115360032","19.233668540988","19.1793484867319","19.8225258254411","19.160543847909","18.8852049092037","18.6714631315462","19.0880906452324","19.1362443440895","19.2322775232508","19.4333784200879","19.5701642486471","18.8831715310593","19.2025520520247","19.3225514390348","18.5511109851335","17.8776909921501","18.1486338468905","",
"Uzbekistan","UZB","Electricity production from nuclear sources (% of total)","EG.ELC.NUCL.ZS","","","","","","","","","","","","","","","","","","","","","","","","","","","","","","","0","0","0","0","0","0","0","0","0","0","0","0","0","0","0","0","0","0","0","0","0","0","0","0","0","0","0","0","0","0","0","0","","","",
"St. Vincent and the Grenadines","VCT","Electricity production from nuclear sources (% of total)","EG.ELC.NUCL.ZS","","","","","","","","","","","","","","","","","","","","","","","","","","","","","","","","","","","","","","","","","0","0","0","0","0","0","0","0","0","0","0","0","0","0","0","0","0","0","0","0","0","0","","","",
"Venezuela, RB","VEN","Electricity production from nuclear sources (% of total)","EG.ELC.NUCL.ZS","","","","","","","","","","","","","","","","","","","","","","","","","","","","","","","0","0","0","0","0","0","0","0","0","0","0","0","0","0","0","0","0","0","0","0","0","0","0","0","0","0","0","0","0","0","0","0","","","",
"British Virgin Islands","VGB","Electricity production from nuclear sources (% of total)","EG.ELC.NUCL.ZS","","","","","","","","","","","","","","","","","","","","","","","","","","","","","","","","","","","","","","","","","0","0","0","0","0","0","0","0","0","0","0","0","0","0","0","0","0","0","0","0","0","0","","","",
"Virgin Islands (U.S.)","VIR","Electricity production from nuclear sources (% of total)","EG.ELC.NUCL.ZS","","","","","","","","","","","","","","","","","","","","","","","","","","","","","","","","","","","","","","","","","0","0","0","0","0","0","0","0","0","0","0","0","0","0","0","0","0","0","0","0","0","0","","","",
"Viet Nam","VNM","Electricity production from nuclear sources (% of total)","EG.ELC.NUCL.ZS","","","","","","","","","","","","","","","","","","","","","","","","","","","","","","","0","0","0","0","0","0","0","0","0","0","0","0","0","0","0","0","0","0","0","0","0","0","0","0","0","0","0","0","0","0","0","0","","","",
"Vanuatu","VUT","Electricity production from nuclear sources (% of total)","EG.ELC.NUCL.ZS","","","","","","","","","","","","","","","","","","","","","","","","","","","","","","","","","","","","","","","","","0","0","0","0","0","0","0","0","0","0","0","0","0","0","0","0","0","0","0","0","0","0","","","",
"World","WLD","Electricity production from nuclear sources (% of total)","EG.ELC.NUCL.ZS","","","","","","","","","","","","","","","","","","","","","","","","","","","","","","","16.9621395357538","17.3386730236186","17.3261200179781","17.4644969942436","17.4494408944506","17.5522461485843","17.6291252195898","17.0936872384403","17.0313129467039","17.1433824231723","16.7063023384351","16.8820746783337","16.3911368201433","15.6589888958313","15.5540826695348","15.0745368522935","14.6274471218044","13.6683337305278","13.4772508327702","13.3356548881492","12.7612407181496","11.5717751669893","10.771145492709","10.5384434657762","10.5214097412825","10.5335510841349","10.390564435035","10.1919515617947","10.113965131323","10.2835472727009","9.92923339184437","9.82695745957089","9.19216030179384","15.6471613142682","",
"Samoa","WSM","Electricity production from nuclear sources (% of total)","EG.ELC.NUCL.ZS","","","","","","","","","","","","","","","","","","","","","","","","","","","","","","","","","","","","","","","","","0","0","0","0","0","0","0","0","0","0","0","0","0","0","0","0","0","0","0","0","0","0","","","",
"Kosovo","XKX","Electricity production from nuclear sources (% of total)","EG.ELC.NUCL.ZS","","","","","","","","","","","","","","","","","","","","","","","","","","","","","","","","","","","","","","","","","0","0","0","0","0","0","0","0","0","0","0","0","0","0","0","0","0","0","0","0","0","0","","","",
"Yemen, Rep.","YEM","Electricity production from nuclear sources (% of total)","EG.ELC.NUCL.ZS","","","","","","","","","","","","","","","","","","","","","","","","","","","","","","","0","0","0","0","0","0","0","0","0","0","0","0","0","0","0","0","0","0","0","0","0","0","0","0","0","0","0","0","0","0","0","0","","","",
"South Africa","ZAF","Electricity production from nuclear sources (% of total)","EG.ELC.NUCL.ZS","","","","","","","","","","","","","","","","","","","","","","","","","","","","","","","5.0524439979429","5.43263860833195","5.5256112796716","4.15269080626882","5.33711266442842","6.05448554820391","5.83741497947609","6.01201737956475","6.62255202703361","6.32327153074695","6.17553519722789","5.10185625892432","5.43624617477049","5.40624773192047","5.46391120377752","4.61085570099869","3.95038573984035","4.29521897380816","5.03463148154601","5.13149300560593","4.66061378808248","5.14287455530247","4.63478844133236","5.50858544243243","5.46128324715533","4.90156415853878","5.9450755102929","5.5629590724874","4.51643349961193","5.24534619997388","4.13450177646219","5.20400534372664","4.45527689337702","3.72554064602785","",
"Zambia","ZMB","Electricity production from nuclear sources (% of total)","EG.ELC.NUCL.ZS","","","","","","","","","","","","","","","","","","","","","","","","","","","","","","","0","0","0","0","0","0","0","0","0","0","0","0","0","0","0","0","0","0","0","0","0","0","0","0","0","0","0","0","0","0","0","0","","","",
"Zimbabwe","ZWE","Electricity production from nuclear sources (% of total)","EG.ELC.NUCL.ZS","","","","","","","","","","","","","","","","","","","","","","","","","","","","","","","0","0","0","0","0","0","0","0","0","0","0","0","0","0","0","0","0","0","0","0","0","0","0","0","0","0","0","0","0","0","0","0","","","",
